2,32,7,56,2,2,257
0,32,4,43,0,0,0
2,32,7,56,2,2,257
0,32,4,43,0,0,0
0,1,6,48,0,0,0
1,256,7,56,2,2,257
0,0,0,0,0,0,0
0,19,1,3,0,0,0
0,19,6,46,0,0,0
1,256,7,56,2,2,257
1,256,7,56,2,2,257
0,33,1,3,0,0,0
0,33,6,46,0,0,0
0,32,3,33,0,0,0
0,1,6,48,0,0,0
0,0,0,0,0,0,0
1,256,7,56,2,2,257
1,256,7,56,2,2,257
0,18,3,36,0,0,0
0,9,3,36,0,0,0
0,18,3,31,0,0,0
0,18,1,3,0,0,0
0,64,3,33,0,0,0
2,64,7,56,2,2,257
0,18,4,45,0,0,0
0,32,3,36,0,0,0
0,0,0,0,0,0,0
1,256,7,56,2,2,257
1,256,7,56,2,2,257
1,256,7,56,2,2,257
0,0,0,0,0,0,0
0,0,4,42,0,0,0
1,256,7,56,2,2,257
0,0,0,0,0,0,0
0,31,1,3,0,0,0
0,31,6,46,0,0,0
1,256,7,56,2,2,257
0,64,1,4,1,1,0
0,64,6,46,0,0,0
0,32,3,33,0,0,0
0,1,6,48,0,0,0
0,0,0,0,0,0,0
1,256,7,56,2,2,257
0,9,3,36,0,0,0
0,18,3,31,0,0,0
0,18,1,3,0,0,0
0,64,3,33,0,0,0
2,64,7,56,2,2,257
0,18,4,45,0,0,0
0,64,4,41,0,0,0
0,64,3,32,0,0,0
0,64,1,10,0,0,0
0,0,0,0,0,0,0
0,64,1,20,0,0,0
0,64,3,32,0,0,0
0,0,4,42,0,0,0
1,256,7,56,2,2,257
0,0,0,0,0,0,0
0,19,1,3,0,0,0
0,19,6,46,0,0,0
1,256,7,56,2,2,257
0,32,3,33,0,0,0
0,1,6,48,0,0,0
0,0,0,0,0,0,0
1,256,7,56,2,2,257
0,9,3,36,0,0,0
0,18,3,31,0,0,0
0,18,1,3,0,0,0
0,64,3,33,0,0,0
0,18,4,45,0,0,0
2,64,7,56,2,2,257
0,18,4,45,0,0,0
0,64,4,41,0,0,0
0,64,3,32,0,0,0
0,64,1,13,0,0,0
0,64,3,32,0,0,0
0,0,4,42,0,0,0
0,0,0,0,0,0,0
0,0,0,0,0,0,0
1,256,7,56,2,2,257
0,0,0,0,0,0,0
0,32,1,3,0,0,0
0,32,6,46,0,0,0
1,256,7,56,2,2,257
0,1,6,48,0,0,0
0,0,0,0,0,0,0
1,256,7,56,2,2,257
0,18,3,36,0,0,0
0,18,1,3,0,0,0
0,64,3,33,0,0,0
0,18,4,45,0,0,0
0,0,4,42,0,0,0
0,0,0,0,0,0,0
1,256,7,56,2,2,257
1,256,7,56,2,2,257
0,0,0,0,0,0,0
0,19,1,3,0,0,0
0,19,6,46,0,0,0
1,256,7,56,2,2,257
0,64,1,4,1,1,0
0,64,6,46,0,0,0
0,32,3,33,0,0,0
0,1,6,48,0,0,0
0,0,0,0,0,0,0
1,256,7,56,2,2,257
0,9,3,36,0,0,0
0,18,3,31,0,0,0
0,18,1,3,0,0,0
0,64,3,33,0,0,0
0,18,4,45,0,0,0
0,18,1,3,0,0,0
0,64,3,33,0,0,0
0,18,4,45,0,0,0
0,64,4,41,0,0,0
0,64,3,32,0,0,0
0,64,4,41,0,0,0
0,64,3,32,0,0,0
0,64,1,10,0,0,0
0,0,0,0,0,0,0
0,64,3,32,0,0,0
0,0,4,42,0,0,0
1,256,7,56,2,2,257
0,0,0,0,0,0,0
0,19,1,3,0,0,0
0,19,6,46,0,0,0
1,256,7,56,2,2,257
0,32,3,33,0,0,0
0,1,6,48,0,0,0
0,0,0,0,0,0,0
1,256,7,56,2,2,257
0,9,3,36,0,0,0
0,18,3,31,0,0,0
0,18,1,3,0,0,0
0,64,3,33,0,0,0
0,18,4,45,0,0,0
0,18,1,3,0,0,0
0,64,3,33,0,0,0
0,18,4,45,0,0,0
0,64,4,41,0,0,0
0,64,3,32,0,0,0
0,64,4,41,0,0,0
0,64,3,32,0,0,0
0,64,1,10,0,0,0
0,64,1,7,0,0,0
0,64,3,32,0,0,0
0,0,4,42,0,0,0
0,0,0,0,0,0,0
0,0,0,0,0,0,0
0,0,0,0,0,0,0
0,0,0,0,0,0,0
0,0,0,1,0,0,0
2,32,7,56,2,2,257
0,32,4,43,0,0,0
2,32,7,56,2,2,257
0,32,4,43,0,0,0
0,32,1,3,0,0,0
0,31,6,53,0,0,0
0,1,6,48,0,0,0
1,256,7,56,2,2,257
0,0,0,0,0,0,0
0,31,6,46,0,0,0
1,256,7,56,2,2,257
0,31,1,3,0,0,0
1,256,7,56,2,2,257
0,32,3,33,0,0,0
0,1,6,48,0,0,0
0,0,0,0,0,0,0
1,256,7,56,2,2,257
1,256,7,56,2,2,257
0,0,0,0,0,0,0
1,256,7,56,2,2,257
1,256,7,56,2,2,257
0,0,0,0,0,0,0
0,31,1,3,0,0,0
0,31,6,46,0,0,0
1,256,7,56,2,2,257
0,32,3,33,0,0,0
0,1,6,48,0,0,0
0,0,0,0,0,0,0
1,256,7,56,2,2,257
1,256,7,56,2,2,257
0,0,0,0,0,0,0
0,64,3,33,0,0,0
0,14,3,36,0,0,0
0,14,1,3,0,0,0
0,64,3,33,0,0,0
2,64,7,56,2,2,257
0,14,4,45,0,0,0
0,64,4,41,0,0,0
0,64,3,32,0,0,0
0,14,4,45,0,0,0
0,64,4,41,0,0,0
0,64,3,32,0,0,0
0,64,1,4,0,0,0
0,64,3,33,0,0,0
0,14,4,45,0,0,0
0,64,4,41,1,1,0
0,64,3,32,0,0,0
0,64,1,4,0,0,0
0,64,1,10,0,0,0
0,64,3,32,0,0,0
2,64,7,56,2,2,257
0,14,4,45,0,0,0
0,0,4,42,0,0,0
0,0,0,0,0,0,0
0,14,1,3,0,0,0
0,14,6,46,0,0,0
1,256,7,56,2,2,257
0,32,3,33,0,0,0
0,1,6,48,0,0,0
0,0,0,0,0,0,0
1,256,7,56,2,2,257
0,64,3,33,0,0,0
0,14,4,45,0,0,0
0,64,4,41,0,0,0
0,14,4,45,0,0,0
0,0,4,42,0,0,0
0,0,0,0,0,0,0
0,0,0,0,0,0,0
0,0,0,0,0,0,0
0,0,0,1,0,0,0
2,32,7,56,2,2,257
0,32,4,43,0,0,0
2,32,7,56,2,2,257
0,32,4,43,0,0,0
2,32,7,56,2,2,257
0,32,4,43,0,0,0
0,64,3,33,0,0,0
0,64,3,33,0,0,0
0,64,1,9,0,0,0
1,256,7,56,2,2,257
0,0,0,0,0,0,0
0,64,6,46,0,0,0
1,256,7,56,2,2,257
0,64,1,3,0,0,0
1,256,7,56,2,2,257
0,32,6,46,0,0,0
0,32,6,51,0,0,0
0,32,6,46,0,0,0
0,32,1,3,0,0,0
0,1,6,48,0,0,0
0,0,0,0,0,0,0
1,256,7,56,2,2,257
1,256,7,56,2,2,257
0,22,1,3,0,0,0
0,22,6,46,0,0,0
1,256,7,56,2,2,257
0,32,3,33,0,0,0
0,1,6,48,0,0,0
0,0,0,0,0,0,0
1,256,7,56,2,2,257
1,256,7,56,2,2,257
1,256,7,56,2,2,257
0,0,0,0,0,0,0
0,14,3,36,0,0,0
0,21,3,36,0,0,0
0,21,3,31,0,0,0
0,21,1,3,0,0,0
0,64,3,33,0,0,0
2,64,7,56,2,2,257
0,21,4,45,0,0,0
1,256,7,56,2,2,257
0,0,0,0,0,0,0
0,32,1,3,0,0,0
0,32,6,46,0,0,0
1,256,7,56,2,2,257
0,64,6,55,0,0,0
0,64,6,46,0,0,0
0,1,6,48,0,0,0
0,0,0,0,0,0,0
0,21,3,36,0,0,0
0,21,1,3,0,0,0
0,64,3,33,0,0,0
2,64,7,56,2,2,257
0,21,4,45,0,0,0
0,7,3,36,0,0,0
0,14,3,31,0,0,0
0,14,1,3,0,0,0
0,64,3,33,0,0,0
2,64,7,56,2,2,257
0,14,4,45,0,0,0
0,64,4,41,0,0,0
0,64,3,32,0,0,0
0,64,4,41,0,0,0
0,64,3,32,0,0,0
0,64,1,10,0,0,0
0,1,6,48,0,0,0
0,0,0,0,0,0,0
0,64,3,32,0,0,0
0,0,4,42,0,0,0
1,256,7,56,2,2,257
0,0,0,0,0,0,0
0,22,1,3,0,0,0
0,22,6,46,0,0,0
1,256,7,56,2,2,257
0,32,3,33,0,0,0
0,1,6,48,0,0,0
0,0,0,0,0,0,0
0,21,3,36,0,0,0
0,21,1,3,0,0,0
0,64,3,33,0,0,0
0,21,4,45,0,0,0
0,21,4,45,0,0,0
0,64,4,41,0,0,0
0,0,4,42,0,0,0
0,0,0,0,0,0,0
0,32,6,51,0,0,0
0,0,0,0,0,0,0
0,32,1,3,0,0,0
0,1,6,48,0,0,0
0,7,3,36,0,0,0
0,14,3,31,0,0,0
0,14,3,36,0,0,0
0,14,1,3,0,0,0
0,0,0,0,0,0,0
0,0,0,1,0,0,0
2,64,7,56,2,2,257
0,64,4,43,0,0,0
2,32,7,56,2,2,257
0,32,4,43,0,0,0
2,32,7,56,2,2,257
0,32,4,43,0,0,0
0,1,6,48,0,0,0
0,0,0,0,0,0,0
1,256,7,56,2,2,257
1,256,7,56,2,2,257
0,1,6,48,0,0,0
0,31,3,36,0,0,0
1,256,7,56,2,2,257
0,0,0,0,0,0,0
0,10,1,3,0,0,0
0,10,6,46,0,0,0
1,256,7,56,2,2,257
0,31,3,33,0,0,0
0,1,6,48,0,0,0
0,0,0,0,0,0,0
1,256,7,56,2,2,257
1,256,7,56,2,2,257
1,256,7,56,2,2,257
0,0,0,0,0,0,0
0,64,3,33,0,0,0
0,20,3,33,0,0,0
2,64,7,56,2,2,257
0,10,4,45,0,0,0
0,0,0,0,0,0,0
1,256,7,56,2,2,257
1,256,7,56,2,2,257
0,0,0,0,0,0,0
0,31,1,3,0,0,0
0,31,6,46,0,0,0
1,256,7,56,2,2,257
0,64,1,4,1,1,0
0,64,6,46,0,0,0
0,41,1,3,0,0,0
0,41,6,46,0,0,0
0,20,3,36,0,0,0
0,32,3,33,0,0,0
0,1,6,48,0,0,0
0,0,0,0,0,0,0
1,256,7,56,2,2,257
0,20,1,3,0,0,0
0,64,3,33,0,0,0
2,64,7,56,2,2,257
0,20,4,45,0,0,0
0,64,4,41,0,0,0
0,64,3,32,0,0,0
0,0,0,0,0,0,0
0,0,0,0,0,0,0
0,64,6,46,0,0,0
0,64,1,13,0,0,0
0,64,3,32,0,0,0
0,0,4,42,0,0,0
0,0,0,0,0,0,0
0,10,1,3,0,0,0
0,10,6,46,0,0,0
1,256,7,56,2,2,257
0,31,3,33,0,0,0
0,1,6,48,0,0,0
0,0,0,0,0,0,0
1,256,7,56,2,2,257
1,256,7,56,2,2,257
0,64,3,33,0,0,0
0,20,3,33,0,0,0
2,64,7,56,2,2,257
0,10,4,45,0,0,0
0,0,0,0,0,0,0
1,256,7,56,2,2,257
0,10,4,45,0,0,0
0,64,4,41,0,0,0
0,64,3,32,0,0,0
1,256,7,56,2,2,257
0,0,0,0,0,0,0
0,31,1,3,0,0,0
0,31,6,46,0,0,0
1,256,7,56,2,2,257
0,64,1,4,1,1,0
0,64,6,46,0,0,0
0,41,1,3,0,0,0
0,41,6,46,0,0,0
0,20,3,36,0,0,0
0,32,3,33,0,0,0
0,1,6,48,0,0,0
0,0,0,0,0,0,0
1,256,7,56,2,2,257
0,20,1,3,0,0,0
0,64,3,33,0,0,0
0,20,4,45,0,0,0
0,64,4,41,0,0,0
0,64,3,32,0,0,0
0,64,1,7,0,0,0
0,64,1,10,0,0,0
0,0,0,0,0,0,0
0,0,0,0,0,0,0
0,64,6,46,0,0,0
0,64,1,13,0,0,0
0,64,1,20,0,0,0
0,64,3,32,0,0,0
0,11,6,53,0,0,0
0,52,3,36,0,0,0
0,1,6,48,0,0,0
0,1,6,48,0,0,0
0,1,2,26,0,0,2
0,1,6,49,0,0,0
0,1,2,24,0,0,2
0,64,6,51,0,0,2
0,0,4,42,0,0,0
0,0,0,0,0,0,0
0,0,0,0,0,0,0
0,64,1,20,0,0,0
0,1,6,48,0,0,0
0,64,3,33,0,0,0
0,64,3,33,0,0,0
0,64,1,9,0,0,0
1,256,7,56,2,2,257
0,0,0,0,0,0,0
0,64,6,46,0,0,0
0,64,1,3,0,0,0
1,256,7,56,2,2,257
0,32,6,46,0,0,0
0,32,6,51,0,0,0
0,20,6,46,0,0,0
0,20,1,3,0,0,0
0,32,3,33,0,0,0
0,1,6,48,0,0,0
0,1,6,48,0,0,0
0,0,0,0,0,0,0
1,256,7,56,2,2,257
0,32,1,3,0,0,0
0,20,6,51,0,0,0
0,20,3,36,0,0,0
0,20,1,9,0,0,0
0,64,3,33,0,0,0
0,20,1,3,0,0,0
0,64,3,33,0,0,0
0,20,4,45,0,0,0
0,10,4,45,0,0,0
0,64,4,41,0,0,0
0,64,3,32,0,0,0
0,64,4,41,0,0,0
0,64,3,32,0,0,0
0,64,1,7,0,0,0
0,10,4,45,0,0,0
0,64,4,41,0,0,0
0,64,3,32,0,0,0
0,64,1,10,0,0,0
0,64,1,13,0,0,0
0,64,3,32,0,0,0
0,0,4,42,0,0,0
0,0,0,0,0,0,0
0,32,1,3,0,0,0
1,256,7,56,2,2,257
0,0,0,0,0,0,0
0,20,1,3,0,0,0
0,20,6,46,0,0,0
1,256,7,56,2,2,257
0,33,1,3,0,0,0
0,33,6,46,0,0,0
0,42,1,3,0,0,0
0,42,6,46,0,0,0
0,20,3,36,0,0,0
0,32,3,33,0,0,0
0,1,6,48,0,0,0
0,0,0,0,0,0,0
1,256,7,56,2,2,257
1,256,7,56,2,2,257
0,20,1,3,0,0,0
0,64,3,33,0,0,0
2,64,7,56,2,2,257
0,20,4,45,0,0,0
0,32,3,36,0,0,0
0,0,4,42,0,0,0
1,256,7,56,2,2,257
0,0,0,0,0,0,0
0,32,1,3,0,0,0
0,32,6,46,0,0,0
1,256,7,56,2,2,257
0,1,6,48,0,0,0
0,0,0,0,0,0,0
1,256,7,56,2,2,257
0,20,3,36,0,0,0
0,20,3,36,0,0,0
0,20,1,3,0,0,0
0,64,3,33,0,0,0
0,20,4,45,0,0,0
0,20,1,9,0,0,0
0,20,1,3,0,0,0
0,64,3,33,0,0,0
0,20,4,45,0,0,0
0,0,4,42,0,0,0
0,0,0,0,0,0,0
1,256,7,56,2,2,257
1,256,7,56,2,2,257
0,0,0,0,0,0,0
0,31,1,3,0,0,0
0,31,6,46,0,0,0
1,256,7,56,2,2,257
0,64,1,4,1,1,0
0,64,6,46,0,0,0
0,41,1,3,0,0,0
0,41,6,46,0,0,0
0,20,3,36,0,0,0
0,32,3,33,0,0,0
0,1,6,48,0,0,0
0,0,0,0,0,0,0
1,256,7,56,2,2,257
0,20,1,3,0,0,0
0,64,3,33,0,0,0
0,20,4,45,0,0,0
0,20,1,3,0,0,0
0,64,3,33,0,0,0
0,20,4,45,0,0,0
0,64,4,41,0,0,0
0,64,3,32,0,0,0
0,64,4,41,0,0,0
0,64,3,32,0,0,0
0,64,1,10,0,0,0
0,0,0,0,0,0,0
0,64,3,32,0,0,0
0,0,4,42,0,0,0
0,0,0,0,0,0,0
0,64,6,46,0,0,0
0,64,3,32,0,0,0
0,0,4,42,0,0,0
0,0,0,0,0,0,0
0,0,0,0,0,0,0
0,20,3,36,0,0,0
0,30,3,33,0,0,0
0,30,1,9,0,0,0
0,64,3,33,0,0,0
0,20,4,45,0,0,0
0,0,4,42,0,0,0
1,256,7,56,2,2,257
0,0,0,1,0,0,0
0,64,4,40,0,0,0
0,64,4,40,0,0,0
2,32,7,56,2,2,257
0,32,4,43,0,0,0
0,64,3,33,0,0,0
0,64,1,9,0,0,0
0,96,3,33,0,0,0
0,96,3,33,0,0,0
0,96,1,9,0,0,0
0,1,6,48,0,0,0
0,0,4,42,0,0,0
0,0,4,42,0,0,0
1,256,7,56,2,2,257
0,0,0,0,0,0,0
0,96,6,46,0,0,0
1,256,7,56,2,2,257
0,96,1,3,0,0,0
1,256,7,56,2,2,257
0,32,6,46,0,0,0
0,32,6,51,0,0,0
0,64,6,46,0,0,0
0,64,6,51,0,0,0
0,32,6,46,0,0,0
0,32,6,51,0,0,0
0,21,6,46,0,0,0
0,21,1,3,0,0,0
0,32,3,33,0,0,0
0,1,6,48,0,0,0
0,1,6,48,0,0,0
0,0,0,0,0,0,0
1,256,7,56,2,2,257
0,32,1,3,0,0,0
0,1,6,48,0,0,0
0,32,6,51,0,0,0
0,20,3,36,0,0,0
0,10,3,36,0,0,0
0,20,3,31,0,0,0
0,1,6,51,0,0,0
0,32,1,3,0,0,0
0,1,2,26,0,0,2
0,21,6,51,0,0,2
0,10,3,36,0,0,3
0,10,3,36,0,0,3
0,10,6,51,0,0,3
0,10,6,51,0,0,3
0,20,3,31,0,0,0
0,20,1,3,0,0,0
0,64,3,33,0,0,0
2,64,7,56,2,2,257
0,20,4,45,0,0,0
0,20,3,36,0,0,0
0,20,1,3,0,0,0
0,64,3,33,0,0,0
0,20,4,45,0,0,0
0,20,1,3,0,0,0
0,64,3,33,0,0,0
0,20,4,45,0,0,0
0,64,4,41,0,0,0
0,64,4,41,0,0,0
0,64,4,41,0,0,0
0,1,6,48,0,0,0
0,64,6,51,0,0,0
0,64,3,32,0,0,0
0,64,4,41,0,0,0
0,64,4,41,0,0,0
0,64,4,41,1,1,0
0,1,6,48,0,0,0
0,64,6,51,0,0,0
0,64,3,32,0,0,0
0,64,4,41,0,0,0
0,64,4,41,0,0,0
0,64,4,41,0,0,0
0,1,6,48,0,0,0
0,64,6,51,0,0,0
0,64,3,32,0,0,0
0,64,1,4,0,1,0
0,11,6,53,0,0,0
0,52,3,36,0,0,0
0,64,3,32,0,0,0
0,11,6,53,0,0,0
0,52,3,36,0,0,0
0,1,6,48,0,0,0
0,1,6,48,0,0,0
0,1,2,26,0,0,4
0,1,6,48,0,0,0
0,1,6,48,0,0,0
0,1,2,26,0,0,4
0,1,2,24,0,0,4
0,1,6,49,0,1,0
0,1,2,24,0,0,4
0,64,6,51,0,1,5
0,64,3,32,0,1,0
0,0,4,42,0,1,0
0,0,4,42,0,0,0
0,0,4,42,0,0,0
0,64,1,3,0,0,0
0,0,0,0,0,0,0
0,0,0,1,0,0,0
0,64,4,40,0,0,0
0,64,4,40,0,0,0
2,32,7,56,2,2,257
0,32,4,43,0,0,0
1,256,7,56,2,2,257
0,0,0,0,0,0,0
0,12,1,3,0,0,0
0,12,6,46,0,0,0
1,256,7,56,2,2,257
1,256,7,56,2,2,257
0,44,1,3,0,0,0
0,44,6,46,0,0,0
0,24,3,36,0,0,0
0,32,3,33,0,0,0
0,1,6,48,0,0,0
0,0,0,0,0,0,0
1,256,7,56,2,2,257
1,256,7,56,2,2,257
0,64,3,33,0,0,0
0,24,3,33,0,0,0
0,24,1,3,0,0,0
0,64,3,33,0,0,0
2,64,7,56,2,2,257
0,24,4,45,0,0,0
2,64,7,56,2,2,257
0,12,4,45,0,0,0
0,64,4,41,0,0,0
0,64,3,32,0,0,0
2,64,7,56,2,2,257
0,12,4,45,0,0,0
0,0,4,42,0,0,0
0,1,6,48,0,0,0
0,0,0,0,0,0,0
1,256,7,56,2,2,257
0,0,4,42,0,0,0
0,0,4,42,0,0,0
1,256,7,56,2,2,257
0,0,0,0,0,0,0
0,12,1,3,0,0,0
0,12,6,46,0,0,0
1,256,7,56,2,2,257
0,64,1,7,1,1,0
0,64,6,46,0,0,0
0,1,6,48,0,0,0
0,0,0,0,0,0,0
1,256,7,56,2,2,257
0,64,3,33,0,0,0
0,24,3,33,0,0,0
0,24,1,3,0,0,0
0,64,3,33,0,0,0
0,24,4,45,0,0,0
0,64,4,41,0,0,0
0,64,3,32,0,0,0
0,12,4,45,0,0,0
0,64,4,41,1,1,0
0,64,4,41,0,0,0
0,64,4,41,0,0,0
0,1,6,48,0,0,0
0,64,6,51,0,1,0
0,64,3,32,0,0,0
0,64,1,10,0,1,0
0,64,3,32,0,0,0
0,0,4,42,0,0,0
0,0,4,42,0,1,0
0,0,4,42,0,0,0
0,0,0,0,0,0,0
0,0,0,0,0,0,0
0,64,6,46,0,0,0
0,64,4,41,0,0,0
0,64,3,32,0,0,0
0,64,1,13,0,0,0
0,64,3,32,0,0,0
0,0,4,42,0,0,0
0,0,0,0,0,0,0
0,0,0,1,0,0,0
2,32,7,56,2,2,257
0,32,4,43,0,0,0
2,32,7,56,2,2,257
0,32,4,43,0,0,0
0,32,1,3,0,0,0
0,31,6,53,0,0,0
0,1,6,48,0,0,0
1,256,7,56,2,2,257
0,0,0,0,0,0,0
0,31,6,46,0,0,0
1,256,7,56,2,2,257
0,31,1,3,0,0,0
1,256,7,56,2,2,257
0,32,3,33,0,0,0
0,1,6,48,0,0,0
0,0,0,0,0,0,0
1,256,7,56,2,2,257
1,256,7,56,2,2,257
0,0,0,0,0,0,0
1,256,7,56,2,2,257
1,256,7,56,2,2,257
0,0,0,0,0,0,0
0,31,1,3,0,0,0
0,31,6,46,0,0,0
1,256,7,56,2,2,257
0,32,3,33,0,0,0
0,1,6,48,0,0,0
0,0,0,0,0,0,0
1,256,7,56,2,2,257
1,256,7,56,2,2,257
1,256,7,56,2,2,257
0,0,0,0,0,0,0
0,20,3,36,0,0,0
0,20,1,9,0,0,0
0,10,3,36,0,0,0
0,20,3,36,0,0,0
0,20,1,9,0,0,0
0,10,1,3,0,0,0
0,20,3,33,0,0,0
0,20,1,9,0,0,0
1,256,7,56,2,2,257
0,0,0,0,0,0,0
0,31,1,3,0,0,0
0,31,6,46,0,0,0
1,256,7,56,2,2,257
0,32,3,33,0,0,0
0,1,6,48,0,0,0
0,0,0,0,0,0,0
0,20,3,36,0,0,0
0,20,1,3,0,0,0
0,64,3,33,0,0,0
2,64,7,56,2,2,257
0,20,4,45,0,0,0
0,20,1,3,0,0,0
0,64,3,33,0,0,0
0,20,4,45,0,0,0
0,20,1,3,0,0,0
0,64,3,33,0,0,0
0,20,4,45,0,0,0
2,64,7,56,2,2,257
0,20,4,45,0,0,0
0,64,4,41,0,0,0
0,64,3,32,0,0,0
0,20,1,3,0,0,0
0,20,1,3,0,0,0
0,64,3,33,0,0,0
0,20,4,45,0,0,0
0,64,4,41,0,0,0
0,64,3,32,0,0,0
0,64,1,4,0,0,0
0,20,3,36,0,0,0
0,20,1,3,0,0,0
0,64,3,33,0,0,0
0,20,4,45,0,0,0
0,64,4,41,1,1,0
0,64,3,32,0,0,0
0,64,1,4,0,0,0
0,64,4,41,0,0,0
0,64,3,32,0,0,0
0,64,1,4,0,0,0
0,64,4,41,0,0,0
0,64,3,32,0,0,0
0,64,1,4,0,0,0
0,64,1,10,0,0,0
0,64,3,32,0,0,0
0,0,4,42,0,0,0
0,0,0,0,0,0,0
0,0,0,0,0,0,0
0,31,1,3,0,0,0
0,31,6,46,0,0,0
1,256,7,56,2,2,257
0,32,3,33,0,0,0
0,1,6,48,0,0,0
0,0,0,0,0,0,0
1,256,7,56,2,2,257
1,256,7,56,2,2,257
0,20,3,36,0,0,0
0,20,1,9,0,0,0
1,256,7,56,2,2,257
0,0,0,0,0,0,0
0,20,1,3,0,0,0
0,20,6,46,0,0,0
1,256,7,56,2,2,257
0,32,3,33,0,0,0
0,1,6,48,0,0,0
0,0,0,0,0,0,0
0,20,1,3,0,0,0
0,64,3,33,0,0,0
0,20,4,45,0,0,0
0,20,4,45,0,0,0
0,64,4,41,0,0,0
0,0,4,42,0,0,0
0,0,0,0,0,0,0
0,0,0,0,0,0,0
0,0,0,0,0,0,0
0,0,0,0,0,0,0
0,0,0,1,0,0,0
2,32,7,56,2,2,257
0,32,4,43,0,0,0
1,256,7,56,2,2,257
0,0,0,0,0,0,0
0,11,1,3,0,0,0
0,11,6,46,0,0,0
1,256,7,56,2,2,257
1,256,7,56,2,2,257
0,33,1,3,0,0,0
0,33,6,46,0,0,0
0,32,3,33,0,0,0
0,1,6,48,0,0,0
0,0,0,0,0,0,0
1,256,7,56,2,2,257
1,256,7,56,2,2,257
0,64,3,33,0,0,0
0,20,3,33,0,0,0
0,10,3,36,0,0,0
0,20,3,31,0,0,0
0,20,1,3,0,0,0
0,64,3,33,0,0,0
2,64,7,56,2,2,257
0,20,4,45,0,0,0
0,32,3,36,0,0,0
0,64,4,41,0,0,0
0,64,3,32,0,0,0
0,1,6,48,0,0,0
0,0,0,0,0,0,0
1,256,7,56,2,2,257
1,256,7,56,2,2,257
1,256,7,56,2,2,257
0,0,0,0,0,0,0
0,11,1,3,0,0,0
0,11,6,46,0,0,0
1,256,7,56,2,2,257
0,64,1,7,1,1,0
0,64,6,46,0,0,0
0,1,6,48,0,0,0
0,0,0,0,0,0,0
1,256,7,56,2,2,257
0,20,3,33,0,0,0
0,20,1,3,0,0,0
0,64,3,33,0,0,0
0,20,4,45,0,0,0
0,64,4,41,0,0,0
0,64,3,32,0,0,0
0,64,1,10,0,0,0
0,0,0,0,0,0,0
0,0,0,0,0,0,0
0,64,6,46,0,0,0
0,64,1,20,0,0,0
0,64,1,13,0,0,0
0,64,3,32,0,0,0
2,64,7,56,2,2,257
0,10,4,45,0,0,0
0,0,4,42,0,0,0
0,10,6,51,0,0,0
1,256,7,56,2,2,257
0,0,0,0,0,0,0
0,32,1,3,0,0,0
0,32,6,46,0,0,0
1,256,7,56,2,2,257
0,1,6,48,0,0,0
0,0,0,0,0,0,0
1,256,7,56,2,2,257
0,20,3,36,0,0,0
0,20,1,3,0,0,0
0,64,3,33,0,0,0
0,20,4,45,0,0,0
0,10,3,36,0,0,0
0,20,3,31,0,0,0
0,20,1,3,0,0,0
0,64,3,33,0,0,0
0,20,4,45,0,0,0
0,64,4,41,0,0,0
0,64,3,32,0,0,0
0,0,0,0,0,0,0
1,256,7,56,2,2,257
1,256,7,56,2,2,257
0,0,0,0,0,0,0
0,10,1,3,0,0,0
0,10,6,46,0,0,0
1,256,7,56,2,2,257
0,64,1,7,1,1,0
0,64,6,46,0,0,0
0,1,6,48,0,0,0
0,0,0,0,0,0,0
1,256,7,56,2,2,257
0,42,3,31,0,0,0
0,64,3,33,0,0,0
0,20,4,45,0,0,0
0,21,3,31,0,0,0
0,64,3,33,0,0,0
0,20,4,45,0,0,0
0,64,4,41,0,0,0
0,64,3,32,0,0,0
0,64,4,41,0,0,0
0,64,3,32,0,0,0
0,64,1,10,0,0,0
0,0,0,0,0,0,0
0,0,0,0,0,0,0
0,64,6,46,0,0,0
0,64,1,10,0,0,0
0,64,3,32,0,0,0
0,0,4,42,0,0,0
0,0,0,0,0,0,0
0,0,0,0,0,0,0
0,0,0,1,0,0,0
2,32,7,56,2,2,257
0,32,4,43,0,0,0
2,32,7,56,2,2,257
0,32,4,43,0,0,0
0,1,6,48,0,0,0
1,256,7,56,2,2,257
0,0,0,0,0,0,0
0,12,1,3,0,0,0
0,12,6,46,0,0,0
1,256,7,56,2,2,257
1,256,7,56,2,2,257
0,32,3,33,0,0,0
0,1,6,48,0,0,0
0,0,0,0,0,0,0
1,256,7,56,2,2,257
1,256,7,56,2,2,257
0,0,0,0,0,0,0
0,64,3,33,0,0,0
2,64,7,56,2,2,257
0,12,4,45,0,0,0
0,0,4,42,0,0,0
0,0,0,0,0,0,0
0,12,1,3,0,0,0
0,12,6,46,0,0,0
1,256,7,56,2,2,257
0,44,1,3,0,0,0
0,44,6,46,0,0,0
0,24,3,36,0,0,0
0,32,3,33,0,0,0
0,1,6,48,0,0,0
0,0,0,0,0,0,0
1,256,7,56,2,2,257
1,256,7,56,2,2,257
0,64,3,33,0,0,0
2,64,7,56,2,2,257
0,12,4,45,0,0,0
0,0,4,42,0,0,0
0,0,0,0,0,0,0
1,256,7,56,2,2,257
1,256,7,56,2,2,257
0,0,0,0,0,0,0
0,12,1,3,0,0,0
0,12,6,46,0,0,0
1,256,7,56,2,2,257
0,64,1,4,1,1,0
0,64,6,46,0,0,0
0,32,3,33,0,0,0
0,1,6,48,0,0,0
0,0,0,0,0,0,0
1,256,7,56,2,2,257
0,64,3,33,0,0,0
0,24,3,33,0,0,0
0,24,1,3,0,0,0
0,64,3,33,0,0,0
2,64,7,56,2,2,257
0,24,4,45,0,0,0
0,64,4,41,0,0,0
0,64,3,32,0,0,0
2,64,7,56,2,2,257
0,12,4,45,0,0,0
0,64,4,41,0,0,0
0,64,3,32,0,0,0
0,64,1,10,0,0,0
0,0,0,0,0,0,0
0,64,3,32,0,0,0
0,0,4,42,0,0,0
1,256,7,56,2,2,257
0,0,0,0,0,0,0
0,12,1,3,0,0,0
0,12,6,46,0,0,0
1,256,7,56,2,2,257
0,32,3,33,0,0,0
0,1,6,48,0,0,0
0,0,0,0,0,0,0
1,256,7,56,2,2,257
0,64,3,33,0,0,0
0,24,3,33,0,0,0
0,24,1,3,0,0,0
0,64,3,33,0,0,0
0,24,4,45,0,0,0
0,12,4,45,0,0,0
0,64,4,41,0,0,0
0,64,3,32,0,0,0
0,64,4,41,0,0,0
0,64,3,32,0,0,0
0,64,1,10,0,0,0
0,64,1,4,0,0,0
0,64,3,32,0,0,0
0,0,4,42,0,0,0
0,0,0,0,0,0,0
0,0,0,0,0,0,0
0,0,0,0,0,0,0
0,0,0,1,0,0,0
2,64,7,56,2,2,257
0,64,4,43,0,0,0
2,64,7,56,2,2,257
0,64,4,43,0,0,0
2,32,7,56,2,2,257
0,32,4,43,0,0,0
2,32,7,56,2,2,257
0,32,4,43,0,0,0
2,32,7,56,2,2,257
0,32,4,43,0,0,0
2,32,7,56,2,2,257
0,32,4,43,0,0,0
0,1,6,48,0,0,0
0,0,0,0,0,0,0
1,256,7,56,2,2,257
1,256,7,56,2,2,257
0,1,6,48,0,0,0
0,31,3,36,0,0,0
0,63,3,33,0,0,0
0,63,3,33,0,0,0
0,63,1,9,0,0,0
1,256,7,56,2,2,257
0,0,0,0,0,0,0
0,63,6,46,0,0,0
0,63,1,3,0,0,0
1,256,7,56,2,2,257
0,31,6,46,0,0,0
0,31,6,51,0,0,0
0,21,6,46,0,0,0
0,21,1,3,0,0,0
0,32,3,33,0,0,0
0,1,6,48,0,0,0
0,1,6,48,0,0,0
0,0,0,0,0,0,0
1,256,7,56,2,2,257
1,256,7,56,2,2,257
0,31,1,3,0,0,0
0,31,6,46,0,0,0
1,256,7,56,2,2,257
1,256,7,56,2,2,257
0,64,1,4,1,1,0
0,64,6,46,0,0,0
0,32,3,33,0,0,0
0,1,6,48,0,0,0
0,0,0,0,0,0,0
1,256,7,56,2,2,257
0,20,3,36,0,0,0
0,20,3,31,0,0,0
0,20,1,3,0,0,0
0,64,3,33,0,0,0
2,64,7,56,2,2,257
0,20,4,45,0,0,0
0,10,3,36,0,0,0
0,20,3,31,0,0,0
0,20,1,3,0,0,0
0,20,3,36,0,0,0
0,64,3,33,0,0,0
2,64,7,56,2,2,257
0,20,4,45,0,0,0
0,64,4,41,0,0,0
0,64,3,32,0,0,0
0,64,1,10,0,0,0
0,64,4,41,0,0,0
0,64,3,32,0,0,0
0,64,1,10,0,0,0
1,256,7,56,2,2,257
0,0,0,0,0,0,0
0,64,3,32,0,0,0
0,0,4,42,0,0,0
0,20,4,45,0,0,0
0,0,0,0,0,0,0
0,21,6,51,0,0,0
0,0,0,0,0,0,0
0,31,1,3,0,0,0
0,10,3,36,0,0,0
0,20,1,3,0,0,0
0,64,3,33,0,0,0
2,64,7,56,2,2,257
0,0,4,42,0,0,0
0,0,0,0,0,0,0
0,0,0,0,0,0,0
0,1,6,48,0,0,0
0,63,3,33,0,0,0
0,63,1,9,0,0,0
1,256,7,56,2,2,257
0,0,0,0,0,0,0
0,63,6,46,0,0,0
0,63,1,3,0,0,0
1,256,7,56,2,2,257
0,31,6,46,0,0,0
0,31,6,51,0,0,0
0,21,6,46,0,0,0
0,21,1,3,0,0,0
0,32,3,33,0,0,0
0,1,6,48,0,0,0
0,1,6,48,0,0,0
0,0,0,0,0,0,0
1,256,7,56,2,2,257
1,256,7,56,2,2,257
0,31,1,3,0,0,0
0,31,6,46,0,0,0
1,256,7,56,2,2,257
1,256,7,56,2,2,257
0,64,1,4,1,1,0
0,64,6,46,0,0,0
0,64,1,10,0,0,0
0,32,3,33,0,0,0
0,1,6,48,0,0,0
0,0,0,0,0,0,0
1,256,7,56,2,2,257
0,20,3,36,0,0,0
0,20,3,31,0,0,0
0,20,1,3,0,0,0
0,64,3,33,0,0,0
0,20,4,45,0,0,0
0,10,3,36,0,0,0
0,20,3,31,0,0,0
0,20,1,3,0,0,0
0,20,3,36,0,0,0
0,64,3,33,0,0,0
2,64,7,56,2,2,257
0,20,4,45,0,0,0
0,64,4,41,0,0,0
0,64,3,32,0,0,0
0,64,4,41,0,0,0
0,64,3,32,0,0,0
0,64,1,10,0,0,0
1,256,7,56,2,2,257
0,0,0,0,0,0,0
0,64,3,32,0,0,0
0,0,4,42,0,0,0
0,20,4,45,0,0,0
0,0,0,0,0,0,0
0,21,6,51,0,0,0
0,0,0,0,0,0,0
0,31,1,3,0,0,0
0,10,3,36,0,0,0
0,20,1,3,0,0,0
0,64,3,33,0,0,0
2,64,7,56,2,2,257
0,64,4,41,0,0,0
0,64,3,32,0,0,0
0,64,3,32,0,0,0
0,0,4,42,0,0,0
0,0,0,0,0,0,0
0,0,0,0,0,0,0
0,0,0,0,0,0,0
1,256,7,56,2,2,257
0,0,0,1,0,0,0
2,64,7,56,2,2,257
0,64,4,43,0,0,0
2,64,7,56,2,2,257
0,64,4,43,0,0,0
2,32,7,56,2,2,257
0,32,4,43,0,0,0
2,32,7,56,2,2,257
0,32,4,43,0,0,0
0,64,3,33,0,0,0
0,64,3,33,0,0,0
0,64,1,9,0,0,0
1,256,7,56,2,2,257
0,0,0,0,0,0,0
0,64,6,46,0,0,0
1,256,7,56,2,2,257
0,64,1,3,0,0,0
1,256,7,56,2,2,257
0,32,6,46,0,0,0
0,32,6,51,0,0,0
0,21,6,46,0,0,0
0,21,1,3,0,0,0
0,23,6,46,0,0,0
0,23,1,3,0,0,0
0,20,3,36,0,0,0
0,10,3,36,0,0,0
0,20,3,31,0,0,0
0,20,1,3,0,0,0
0,32,3,33,0,0,0
0,1,6,48,0,0,0
0,1,6,48,0,0,0
0,0,0,0,0,0,0
1,256,7,56,2,2,257
1,256,7,56,2,2,257
0,21,1,3,0,0,0
0,21,6,46,0,0,0
1,256,7,56,2,2,257
0,64,1,4,1,1,0
0,64,6,46,0,0,0
0,23,3,33,0,0,0
0,1,6,48,0,0,0
0,23,6,51,0,0,0
0,0,0,0,0,0,0
0,10,3,36,0,0,0
0,20,3,31,0,0,0
0,20,1,3,0,0,0
0,20,3,36,0,0,0
0,64,3,33,0,0,0
2,64,7,56,2,2,257
0,20,4,45,0,0,0
0,20,1,3,0,0,0
0,20,3,36,0,0,0
0,64,3,33,0,0,0
2,64,7,56,2,2,257
0,20,4,45,0,0,0
2,64,7,56,2,2,257
0,20,4,45,0,0,0
0,64,4,41,0,0,0
0,64,3,32,0,0,0
0,64,1,10,0,0,0
0,64,1,10,0,0,0
0,64,3,32,0,0,0
0,64,4,41,0,0,0
0,64,3,32,0,0,0
0,64,1,4,0,0,0
0,64,3,32,0,0,0
0,0,4,42,0,0,0
0,64,4,41,0,0,0
0,64,3,32,0,0,0
0,64,1,10,0,0,0
1,256,7,56,2,2,257
0,0,0,0,0,0,0
0,20,4,45,0,0,0
0,64,4,41,0,0,0
0,64,3,32,0,0,0
0,64,1,10,0,0,0
0,64,1,10,0,0,0
0,64,1,10,0,0,0
0,64,1,4,0,0,0
0,64,1,10,0,0,0
0,64,1,4,0,0,0
0,64,3,32,0,0,0
0,0,4,42,0,0,0
0,21,6,51,0,0,0
0,0,0,0,0,0,0
0,32,1,3,0,0,0
0,20,3,36,0,0,0
0,10,3,36,0,0,0
0,20,3,31,0,0,0
0,20,1,3,0,0,0
0,10,3,36,0,0,0
0,20,3,31,0,0,0
0,20,6,51,0,0,0
0,64,3,33,0,0,0
0,20,4,45,0,0,0
0,64,4,41,0,0,0
0,64,3,32,0,0,0
0,20,1,3,0,0,0
0,64,3,33,0,0,0
0,20,4,45,0,0,0
0,64,4,41,0,0,0
0,0,0,0,0,0,0
0,0,0,1,0,0,0
2,32,7,56,2,2,257
0,32,4,43,0,0,0
2,32,7,56,2,2,257
0,32,4,43,0,0,0
0,1,6,48,0,0,0
1,256,7,56,2,2,257
0,0,0,0,0,0,0
0,12,1,3,0,0,0
0,12,6,46,0,0,0
1,256,7,56,2,2,257
1,256,7,56,2,2,257
0,32,3,33,0,0,0
0,1,6,48,0,0,0
0,0,0,0,0,0,0
1,256,7,56,2,2,257
1,256,7,56,2,2,257
0,0,0,0,0,0,0
0,64,3,33,0,0,0
2,64,7,56,2,2,257
0,12,4,45,0,0,0
0,0,4,42,0,0,0
0,0,0,0,0,0,0
0,12,1,3,0,0,0
0,12,6,46,0,0,0
1,256,7,56,2,2,257
0,44,1,3,0,0,0
0,44,6,46,0,0,0
0,24,3,36,0,0,0
0,32,3,33,0,0,0
0,1,6,48,0,0,0
0,0,0,0,0,0,0
1,256,7,56,2,2,257
1,256,7,56,2,2,257
0,64,3,33,0,0,0
2,64,7,56,2,2,257
0,12,4,45,0,0,0
0,0,4,42,0,0,0
0,0,0,0,0,0,0
1,256,7,56,2,2,257
2,64,7,56,2,2,257
0,12,4,45,0,0,0
0,64,4,41,0,0,0
0,64,3,32,0,0,0
1,256,7,56,2,2,257
0,0,0,0,0,0,0
0,12,1,3,0,0,0
0,12,6,46,0,0,0
1,256,7,56,2,2,257
0,64,1,4,1,1,0
0,64,6,46,0,0,0
0,32,3,33,0,0,0
0,1,6,48,0,0,0
0,0,0,0,0,0,0
1,256,7,56,2,2,257
0,64,3,33,0,0,0
0,24,3,33,0,0,0
0,24,1,3,0,0,0
0,64,3,33,0,0,0
2,64,7,56,2,2,257
0,24,4,45,0,0,0
0,12,4,45,0,0,0
0,64,4,41,0,0,0
0,64,3,32,0,0,0
0,64,4,41,0,0,0
0,64,3,32,0,0,0
0,64,1,10,0,0,0
0,64,1,4,0,0,0
0,64,3,32,0,0,0
0,0,4,42,0,0,0
2,64,7,56,2,2,257
0,12,4,45,0,0,0
0,64,4,41,0,0,0
0,64,3,32,0,0,0
0,64,1,10,0,0,0
0,0,0,0,0,0,0
0,64,3,32,0,0,0
0,0,4,42,0,0,0
0,0,0,0,0,0,0
0,0,0,0,0,0,0
0,0,0,1,0,0,0
0,64,4,40,0,0,0
0,32,4,40,0,0,0
2,32,7,56,2,2,257
0,32,4,43,0,0,0
2,32,7,56,2,2,257
0,32,4,43,0,0,0
0,32,1,3,0,0,0
0,32,1,3,0,0,0
0,64,3,33,0,0,0
2,32,7,56,2,2,257
0,12,4,45,0,0,0
0,33,3,34,0,0,0
0,1,6,48,0,0,0
0,1,6,52,0,0,0
0,33,1,3,0,0,0
0,1,6,48,0,0,0
0,32,6,51,0,0,0
0,1,6,48,0,0,0
0,32,6,51,0,0,0
0,64,3,33,0,0,0
0,64,1,9,0,0,0
1,256,7,56,2,2,257
0,0,0,0,0,0,0
0,32,6,46,0,0,0
1,256,7,56,2,2,257
0,32,1,3,0,0,0
1,256,7,56,2,2,257
0,31,6,46,0,0,0
0,31,1,3,0,0,0
0,32,3,33,0,0,0
0,1,6,48,0,0,0
0,0,0,0,0,0,0
1,256,7,56,2,2,257
1,256,7,56,2,2,257
0,0,0,0,0,0,0
1,256,7,56,2,2,257
1,256,7,56,2,2,257
1,256,7,56,2,2,257
0,0,0,0,0,0,0
0,64,1,3,0,0,0
0,64,6,46,0,0,0
1,256,7,56,2,2,257
0,31,6,51,0,0,0
0,31,6,46,0,0,0
0,12,1,3,0,0,0
0,12,6,46,0,0,0
0,32,3,33,0,0,0
0,1,6,48,0,0,0
0,1,6,48,0,0,0
0,0,0,0,0,0,0
1,256,7,56,2,2,257
0,31,1,3,0,0,0
0,12,6,51,0,0,0
0,12,3,36,0,0,0
0,12,1,9,0,0,0
0,12,1,3,0,0,0
0,64,3,33,0,0,0
0,12,4,45,0,0,0
0,0,4,42,0,0,0
0,0,0,0,0,0,0
0,0,0,0,0,0,0
0,0,0,0,0,0,0
1,256,7,56,2,2,257
1,256,7,56,2,2,257
0,0,0,0,0,0,0
0,32,1,3,0,0,0
0,32,6,46,0,0,0
1,256,7,56,2,2,257
0,33,1,3,0,0,0
0,33,6,46,0,0,0
0,38,1,3,0,0,0
0,38,6,46,0,0,0
0,12,3,36,0,0,0
0,17,3,36,0,0,0
0,1,6,48,0,0,0
0,0,0,0,0,0,0
1,256,7,56,2,2,257
1,256,7,56,2,2,257
0,17,3,36,0,0,0
0,32,3,36,0,0,0
1,256,7,56,2,2,257
0,0,0,0,0,0,0
0,32,1,3,0,0,0
0,32,6,46,0,0,0
1,256,7,56,2,2,257
0,33,3,33,0,0,0
0,1,6,48,0,0,0
0,0,0,0,0,0,0
1,256,7,56,2,2,257
0,12,3,36,0,0,0
0,17,3,36,0,0,0
0,17,1,3,0,0,0
0,64,3,33,0,0,0
0,12,4,45,0,0,0
2,32,7,56,2,2,257
0,12,4,45,0,0,0
0,17,1,9,0,0,0
0,17,1,3,0,0,0
0,64,3,33,0,0,0
2,32,7,56,2,2,257
0,17,4,45,0,0,0
0,0,4,42,0,0,0
0,32,1,3,0,0,0
0,17,3,36,0,0,0
0,17,1,3,0,0,0
0,64,3,33,0,0,0
0,17,4,45,0,0,0
0,0,4,42,0,0,0
0,0,4,42,0,0,0
1,256,7,56,2,2,257
0,0,0,0,0,0,0
0,32,1,3,0,0,0
0,32,6,46,0,0,0
1,256,7,56,2,2,257
0,1,6,48,0,0,0
0,0,0,0,0,0,0
0,17,3,36,0,0,0
0,12,3,36,0,0,0
0,12,1,3,0,0,0
0,64,3,33,0,0,0
0,12,4,45,0,0,0
0,12,1,9,0,0,0
0,12,1,3,0,0,0
0,64,3,33,0,0,0
0,12,4,45,0,0,0
0,17,1,3,0,0,0
0,64,3,33,0,0,0
0,17,4,45,0,0,0
0,17,1,3,0,0,0
0,17,1,3,0,0,0
0,64,3,33,0,0,0
0,17,4,45,0,0,0
0,32,4,41,0,0,0
0,64,4,41,0,0,0
0,32,4,41,1,1,0
0,1,6,48,0,0,0
0,32,6,51,0,0,0
0,32,4,41,0,0,0
0,32,4,41,0,0,0
0,32,1,3,0,0,0
0,32,1,3,0,1,0
0,0,4,42,0,1,0
0,0,4,42,0,0,0
0,0,4,42,0,0,0
0,0,0,0,0,0,0
0,32,4,41,0,0,0
0,32,4,41,0,0,0
0,32,1,3,0,0,0
0,0,4,42,0,0,0
0,0,0,0,0,0,0
0,0,0,0,0,0,0
0,0,0,0,0,0,0
0,32,4,41,0,0,0
0,0,0,0,0,0,0
2,32,7,56,2,2,257
0,0,4,44,0,0,0
0,0,0,1,0,0,0
2,64,7,56,2,2,257
0,64,4,43,0,0,0
2,32,7,56,2,2,257
0,32,4,43,0,0,0
2,32,7,56,2,2,257
0,32,4,43,0,0,0
0,1,6,48,0,0,0
1,256,7,56,2,2,257
0,0,0,0,0,0,0
0,10,1,3,0,0,0
0,10,6,46,0,0,0
1,256,7,56,2,2,257
1,256,7,56,2,2,257
0,32,3,33,0,0,0
0,1,6,48,0,0,0
0,0,0,0,0,0,0
1,256,7,56,2,2,257
1,256,7,56,2,2,257
0,42,3,33,0,0,0
0,42,3,33,0,0,0
0,42,1,9,0,0,0
1,256,7,56,2,2,257
0,0,0,0,0,0,0
0,64,3,33,0,0,0
0,20,3,33,0,0,0
2,64,7,56,2,2,257
0,10,4,45,0,0,0
0,0,0,0,0,0,0
1,256,7,56,2,2,257
1,256,7,56,2,2,257
0,0,0,0,0,0,0
0,31,1,3,0,0,0
0,31,6,46,0,0,0
1,256,7,56,2,2,257
0,64,1,4,1,1,0
0,64,6,46,0,0,0
0,41,1,3,0,0,0
0,41,6,46,0,0,0
0,20,3,36,0,0,0
0,32,3,33,0,0,0
0,1,6,48,0,0,0
0,0,0,0,0,0,0
1,256,7,56,2,2,257
0,20,1,3,0,0,0
0,64,3,33,0,0,0
2,64,7,56,2,2,257
0,20,4,45,0,0,0
0,64,4,41,0,0,0
0,64,3,32,0,0,0
0,0,0,0,0,0,0
0,0,0,0,0,0,0
0,64,6,46,0,0,0
0,64,1,13,0,0,0
0,64,3,32,0,0,0
0,0,4,42,0,0,0
0,0,0,0,0,0,0
0,42,6,46,0,0,0
0,42,1,3,0,0,0
1,256,7,56,2,2,257
0,32,6,46,0,0,0
0,32,6,51,0,0,0
0,10,6,46,0,0,0
0,10,1,3,0,0,0
0,32,3,33,0,0,0
0,1,6,48,0,0,0
0,1,6,48,0,0,0
0,0,0,0,0,0,0
1,256,7,56,2,2,257
1,256,7,56,2,2,257
0,0,0,0,0,0,0
0,32,1,3,0,0,0
0,10,6,51,0,0,0
0,20,3,36,0,0,0
0,20,1,9,0,0,0
0,64,3,33,0,0,0
0,20,3,33,0,0,0
0,20,1,3,0,0,0
0,64,3,33,0,0,0
0,20,4,45,0,0,0
0,10,4,45,0,0,0
0,64,4,41,0,0,0
0,64,3,32,0,0,0
0,64,4,41,0,0,0
0,64,3,32,0,0,0
0,64,1,7,0,0,0
0,64,3,32,0,0,0
0,0,4,42,0,0,0
0,0,0,0,0,0,0
0,10,1,3,0,0,0
0,10,6,46,0,0,0
1,256,7,56,2,2,257
0,20,1,3,0,0,0
0,20,6,46,0,0,0
0,32,3,33,0,0,0
0,1,6,48,0,0,0
0,0,0,0,0,0,0
1,256,7,56,2,2,257
1,256,7,56,2,2,257
0,20,3,33,0,0,0
1,256,7,56,2,2,257
0,0,0,0,0,0,0
0,32,1,3,0,0,0
0,32,6,46,0,0,0
1,256,7,56,2,2,257
0,1,6,48,0,0,0
0,0,0,0,0,0,0
1,256,7,56,2,2,257
0,20,3,36,0,0,0
0,20,3,36,0,0,0
0,20,1,3,0,0,0
0,64,3,33,0,0,0
2,64,7,56,2,2,257
0,20,4,45,0,0,0
0,20,1,9,0,0,0
0,20,1,3,0,0,0
0,64,3,33,0,0,0
0,20,4,45,0,0,0
0,0,4,42,0,0,0
0,0,0,0,0,0,0
1,256,7,56,2,2,257
1,256,7,56,2,2,257
0,0,0,0,0,0,0
0,31,1,3,0,0,0
0,31,6,46,0,0,0
1,256,7,56,2,2,257
0,64,1,4,1,1,0
0,64,6,46,0,0,0
0,41,1,3,0,0,0
0,41,6,46,0,0,0
0,20,3,36,0,0,0
0,32,3,33,0,0,0
0,1,6,48,0,0,0
0,0,0,0,0,0,0
1,256,7,56,2,2,257
0,20,1,3,0,0,0
0,64,3,33,0,0,0
0,20,4,45,0,0,0
0,20,1,3,0,0,0
0,64,3,33,0,0,0
0,20,4,45,0,0,0
0,64,4,41,0,0,0
0,64,3,32,0,0,0
0,64,4,41,0,0,0
0,64,3,32,0,0,0
0,64,1,10,0,0,0
0,0,0,0,0,0,0
0,64,3,32,0,0,0
0,0,4,42,0,0,0
0,0,0,0,0,0,0
0,64,6,46,0,0,0
0,64,3,32,0,0,0
0,0,4,42,0,0,0
0,0,0,0,0,0,0
0,0,0,0,0,0,0
0,0,0,1,0,0,0
2,32,7,56,2,2,257
0,32,4,43,0,0,0
0,21,3,36,0,0,0
2,64,7,56,2,2,257
0,11,4,45,0,0,0
0,0,4,42,0,0,0
0,64,3,33,0,0,0
0,11,3,36,0,0,0
0,21,3,31,0,0,0
0,20,3,36,0,0,0
0,21,3,31,0,0,0
0,21,1,3,0,0,0
0,64,3,33,0,0,0
2,64,7,56,2,2,257
0,21,4,45,0,0,0
0,33,3,34,0,0,0
0,31,3,36,0,0,0
1,256,7,56,2,2,257
0,0,0,0,0,0,0
0,32,1,3,0,0,0
0,32,6,46,0,0,0
1,256,7,56,2,2,257
1,256,7,56,2,2,257
0,33,1,3,0,0,0
0,33,6,46,0,0,0
0,1,6,48,0,0,0
0,0,0,0,0,0,0
1,256,7,56,2,2,257
1,256,7,56,2,2,257
0,21,3,36,0,0,0
0,11,3,36,0,0,0
0,21,3,31,0,0,0
0,20,3,36,0,0,0
0,21,3,31,0,0,0
0,21,1,3,0,0,0
0,64,3,33,0,0,0
0,21,4,45,0,0,0
0,32,3,36,0,0,0
0,1,6,48,0,0,0
0,1,2,25,0,0,2
0,33,6,51,0,0,2
1,256,7,56,2,2,257
0,0,0,0,0,0,0
0,32,1,3,0,0,0
0,32,6,46,0,0,0
1,256,7,56,2,2,257
0,33,3,33,0,0,0
0,1,6,48,0,0,0
0,0,0,0,0,0,0
1,256,7,56,2,2,257
1,256,7,56,2,2,257
0,21,3,36,0,0,0
0,11,3,36,0,0,0
0,21,3,31,0,0,0
0,21,1,3,0,0,0
0,21,1,3,0,0,0
0,64,3,33,0,0,0
0,21,4,45,0,0,0
0,64,4,41,0,0,0
0,64,3,32,0,0,0
1,256,7,56,2,2,257
0,0,0,0,0,0,0
0,32,1,3,0,0,0
0,32,6,46,0,0,0
1,256,7,56,2,2,257
0,64,1,7,1,1,0
0,64,6,46,0,0,0
0,1,6,48,0,0,0
0,0,0,0,0,0,0
0,21,3,36,0,0,0
0,21,1,3,0,0,0
0,64,3,33,0,0,0
0,21,4,45,0,0,0
0,11,3,36,0,0,0
0,21,3,31,0,0,0
0,21,1,3,0,0,0
0,21,1,3,0,0,0
0,64,3,33,0,0,0
0,21,4,45,0,0,0
0,64,4,41,0,0,0
0,64,3,32,0,0,0
0,64,4,41,0,0,0
0,64,3,32,0,0,0
0,64,1,10,0,0,0
0,0,0,0,0,0,0
0,64,4,41,0,0,0
0,64,3,32,0,0,0
0,64,1,13,0,0,0
0,64,3,32,0,0,0
0,0,4,42,0,0,0
0,0,0,0,0,0,0
0,21,3,36,0,0,0
0,11,3,36,0,0,0
0,21,3,31,0,0,0
0,21,1,3,0,0,0
1,256,7,56,2,2,257
0,0,0,0,0,0,0
0,32,1,3,0,0,0
0,32,6,46,0,0,0
1,256,7,56,2,2,257
0,33,3,33,0,0,0
0,1,6,48,0,0,0
0,0,0,0,0,0,0
1,256,7,56,2,2,257
0,21,3,36,0,0,0
0,21,1,3,0,0,0
0,64,3,33,0,0,0
0,21,4,45,0,0,0
0,64,4,41,0,0,0
0,64,3,32,0,0,0
1,256,7,56,2,2,257
0,0,0,0,0,0,0
0,32,1,3,0,0,0
0,32,6,46,0,0,0
1,256,7,56,2,2,257
0,64,1,7,1,1,0
0,64,6,46,0,0,0
0,33,3,33,0,0,0
0,1,6,48,0,0,0
0,0,0,0,0,0,0
0,21,3,36,0,0,0
0,21,1,3,0,0,0
0,64,3,33,0,0,0
0,21,4,45,0,0,0
0,11,3,36,0,0,0
0,21,3,31,0,0,0
0,21,1,3,0,0,0
0,21,1,3,0,0,0
0,64,3,33,0,0,0
0,21,4,45,0,0,0
0,64,4,41,0,0,0
0,64,3,32,0,0,0
0,64,4,41,0,0,0
0,64,3,32,0,0,0
0,64,1,10,0,0,0
0,0,0,0,0,0,0
0,64,3,32,0,0,0
0,0,4,42,0,0,0
0,0,0,0,0,0,0
0,0,0,0,0,0,0
2,64,7,56,2,2,257
0,11,4,45,0,0,0
0,0,4,42,0,0,0
0,1,6,48,0,0,0
0,0,0,0,0,0,0
1,256,7,56,2,2,257
1,256,7,56,2,2,257
0,32,1,3,0,0,0
1,256,7,56,2,2,257
0,0,0,0,0,0,0
0,11,1,3,0,0,0
0,11,6,46,0,0,0
1,256,7,56,2,2,257
0,32,3,33,0,0,0
0,1,6,48,0,0,0
0,0,0,0,0,0,0
1,256,7,56,2,2,257
1,256,7,56,2,2,257
0,64,3,33,0,0,0
0,21,3,33,0,0,0
0,21,3,31,0,0,0
0,21,1,3,0,0,0
0,11,4,45,0,0,0
0,64,4,41,0,0,0
0,64,3,32,0,0,0
1,256,7,56,2,2,257
0,0,0,0,0,0,0
0,11,1,3,0,0,0
0,11,6,46,0,0,0
1,256,7,56,2,2,257
0,64,1,7,1,1,0
0,64,6,46,0,0,0
0,1,6,48,0,0,0
0,0,0,0,0,0,0
0,64,3,33,0,0,0
0,21,3,33,0,0,0
0,21,1,3,0,0,0
0,64,3,33,0,0,0
0,21,4,45,0,0,0
0,64,4,41,0,0,0
0,64,3,32,0,0,0
0,11,4,45,0,0,0
0,64,4,41,0,0,0
0,64,3,32,0,0,0
0,64,1,10,0,0,0
0,0,0,0,0,0,0
0,64,3,32,0,0,0
0,11,4,45,0,0,0
0,0,4,42,0,0,0
0,0,0,0,0,0,0
0,11,4,45,0,0,0
0,64,4,41,0,0,0
0,64,3,32,0,0,0
0,64,4,41,0,0,0
0,64,3,32,0,0,0
0,64,1,13,0,0,0
0,64,3,32,0,0,0
2,64,7,56,2,2,257
0,11,4,45,0,0,0
0,0,4,42,0,0,0
0,21,1,3,0,0,0
1,256,7,56,2,2,257
0,0,0,0,0,0,0
0,31,1,3,0,0,0
0,31,6,46,0,0,0
1,256,7,56,2,2,257
0,32,1,3,0,0,0
0,32,6,46,0,0,0
0,1,6,48,0,0,0
0,0,0,0,0,0,0
1,256,7,56,2,2,257
1,256,7,56,2,2,257
0,21,3,36,0,0,0
0,64,3,34,0,0,0
0,21,1,6,0,0,0
0,64,3,33,0,0,0
0,21,2,21,0,0,3
0,21,1,3,0,0,3
0,21,1,3,0,0,0
0,64,3,33,0,0,0
0,21,4,45,0,0,0
0,11,4,45,0,0,0
0,64,4,41,0,0,0
0,64,3,32,0,0,0
0,1,6,48,0,0,0
0,1,2,25,0,0,4
0,31,3,36,0,0,4
0,31,6,51,0,0,4
0,64,3,33,0,0,0
1,256,7,56,2,2,257
0,0,0,0,0,0,0
0,64,1,3,0,0,0
0,64,6,46,0,0,0
1,256,7,56,2,2,257
0,64,1,7,1,1,0
0,64,6,46,0,0,0
0,21,3,36,0,0,0
0,21,1,3,0,0,0
0,64,3,33,0,0,0
0,21,4,45,0,0,0
0,1,6,48,0,0,0
0,0,0,0,0,0,0
0,64,4,41,0,0,0
0,64,3,32,0,0,0
0,11,4,45,0,0,0
0,64,4,41,0,0,0
0,64,3,32,0,0,0
0,64,1,10,0,0,0
0,0,0,0,0,0,0
0,64,4,41,0,0,0
0,64,3,32,0,0,0
0,64,1,13,0,0,0
0,64,3,32,0,0,0
0,11,4,45,0,0,0
0,0,4,42,0,0,0
0,0,0,0,0,0,0
0,11,4,45,0,0,0
0,64,4,41,0,0,0
0,64,3,32,0,0,0
0,64,4,41,0,0,0
0,64,3,32,0,0,0
0,64,1,13,0,0,0
0,64,3,32,0,0,0
0,11,4,45,0,0,0
0,0,4,42,0,0,0
1,256,7,56,2,2,257
0,0,0,0,0,0,0
0,0,0,0,0,0,0
0,0,0,1,0,0,0
2,32,7,56,2,2,257
0,32,4,43,0,0,0
2,32,7,56,2,2,257
0,32,4,43,0,0,0
2,32,7,56,2,2,257
0,32,4,43,0,0,0
0,32,1,3,0,0,0
0,32,1,3,0,0,0
0,12,3,36,0,0,0
0,1,6,48,0,0,0
0,1,6,48,0,0,0
0,1,6,48,0,0,0
0,1,6,48,0,0,0
0,64,3,33,0,0,0
0,33,3,33,0,0,0
0,31,3,36,0,0,0
0,1,6,48,0,0,0
0,32,6,51,0,0,0
0,1,6,48,0,0,0
0,32,6,51,0,0,0
0,1,6,48,0,0,0
0,32,6,51,0,0,0
0,1,6,48,0,0,0
0,32,6,51,0,0,0
0,64,3,33,0,0,0
1,256,7,56,2,2,257
0,0,0,0,0,0,0
0,31,6,46,0,0,0
1,256,7,56,2,2,257
0,31,1,3,0,0,0
1,256,7,56,2,2,257
0,32,3,33,0,0,0
0,1,6,48,0,0,0
0,0,0,0,0,0,0
1,256,7,56,2,2,257
1,256,7,56,2,2,257
0,0,0,0,0,0,0
1,256,7,56,2,2,257
1,256,7,56,2,2,257
1,256,7,56,2,2,257
0,0,0,0,0,0,0
0,31,1,3,0,0,0
0,31,6,46,0,0,0
1,256,7,56,2,2,257
0,32,3,33,0,0,0
0,1,6,48,0,0,0
0,0,0,0,0,0,0
1,256,7,56,2,2,257
1,256,7,56,2,2,257
1,256,7,56,2,2,257
0,0,0,0,0,0,0
0,64,3,33,0,0,0
0,34,3,31,0,0,0
0,35,3,33,0,0,0
0,32,3,31,0,0,0
0,35,3,33,0,0,0
0,35,1,6,0,0,0
0,58,3,34,0,0,0
0,1,6,48,0,0,0
0,31,6,51,0,0,0
0,64,3,33,0,0,0
1,256,7,56,2,2,257
0,0,0,0,0,0,0
0,64,1,3,0,0,0
0,64,6,46,0,0,0
1,256,7,56,2,2,257
0,58,3,36,0,0,0
0,58,1,3,0,0,0
0,64,3,33,0,0,0
2,32,7,56,2,2,257
0,6,4,45,0,0,0
0,6,3,36,0,0,0
0,12,3,31,0,0,0
0,1,6,48,0,0,0
0,0,0,0,0,0,0
1,256,7,56,2,2,257
0,0,0,0,0,0,0
1,256,7,56,2,2,257
0,32,4,41,0,0,0
1,256,7,56,2,2,257
0,0,0,0,0,0,0
0,12,1,3,0,0,0
0,12,6,46,0,0,0
1,256,7,56,2,2,257
0,32,3,33,0,0,0
0,1,6,48,0,0,0
0,0,0,0,0,0,0
1,256,7,56,2,2,257
0,12,1,3,0,0,0
0,64,3,33,0,0,0
2,32,7,56,2,2,257
0,12,4,45,0,0,0
0,0,4,42,0,0,0
0,0,0,0,0,0,0
0,0,0,0,0,0,0
0,0,0,0,0,0,0
0,0,0,0,0,0,0
0,31,1,3,0,0,0
0,31,6,46,0,0,0
1,256,7,56,2,2,257
0,32,3,33,0,0,0
0,1,6,48,0,0,0
0,0,0,0,0,0,0
1,256,7,56,2,2,257
1,256,7,56,2,2,257
1,256,7,56,2,2,257
0,0,0,0,0,0,0
0,34,3,31,0,0,0
0,35,3,33,0,0,0
0,32,3,31,0,0,0
0,35,3,33,0,0,0
0,35,1,6,0,0,0
0,36,3,34,0,0,0
0,6,3,36,0,0,0
0,3,3,36,0,0,0
0,6,3,31,0,0,0
0,6,1,6,0,0,0
0,1,6,48,0,0,0
0,31,6,51,0,0,0
1,256,7,56,2,2,257
0,0,0,0,0,0,0
0,64,1,3,0,0,0
0,64,6,46,0,0,0
1,256,7,56,2,2,257
0,31,1,3,0,0,0
0,31,6,46,0,0,0
0,1,6,48,0,0,0
0,0,0,0,0,0,0
1,256,7,56,2,2,257
0,36,3,33,0,0,0
0,36,1,3,0,0,0
0,64,3,34,0,0,0
2,32,7,56,2,2,257
0,6,4,45,0,0,0
0,6,3,36,0,0,0
0,42,3,31,0,0,0
0,64,3,34,0,0,0
0,12,3,31,0,0,0
0,12,4,45,0,0,0
2,32,7,56,2,2,257
0,12,4,45,0,0,0
0,12,1,3,0,0,0
0,64,3,33,0,0,0
0,12,4,45,0,0,0
0,6,3,36,0,0,0
0,6,1,3,0,0,0
0,12,3,31,0,0,0
0,64,3,33,0,0,0
0,12,4,45,0,0,0
0,32,4,41,0,0,0
0,0,4,42,0,0,0
0,0,0,0,0,0,0
1,256,7,56,2,2,257
0,32,4,41,0,0,0
1,256,7,56,2,2,257
0,0,0,0,0,0,0
0,32,6,46,0,0,0
0,32,1,3,0,0,0
1,256,7,56,2,2,257
0,12,6,46,0,0,0
0,12,1,3,0,0,0
0,32,3,33,0,0,0
0,1,6,48,0,0,0
0,0,0,0,0,0,0
1,256,7,56,2,2,257
0,12,1,3,0,0,0
0,64,3,33,0,0,0
0,12,4,45,0,0,0
0,12,4,45,0,0,0
0,32,4,41,0,0,0
0,0,4,42,0,0,0
0,0,0,0,0,0,0
0,0,0,0,0,0,0
0,32,4,41,0,0,0
0,0,4,42,0,0,0
0,0,0,0,0,0,0
0,0,0,0,0,0,0
0,6,1,3,0,0,0
0,6,6,46,0,0,0
1,256,7,56,2,2,257
0,32,3,33,0,0,0
0,1,6,48,0,0,0
0,0,0,0,0,0,0
1,256,7,56,2,2,257
0,64,3,33,0,0,0
0,6,4,45,0,0,0
2,32,7,56,2,2,257
0,6,4,45,0,0,0
0,32,4,41,0,0,0
0,0,4,42,0,0,0
0,0,0,0,0,0,0
0,0,0,0,0,0,0
0,0,0,0,0,0,0
1,256,7,56,2,2,257
1,256,7,56,2,2,257
0,0,0,0,0,0,0
0,64,1,3,0,0,0
0,64,6,46,0,0,0
1,256,7,56,2,2,257
0,3,3,36,0,0,0
0,6,3,31,0,0,0
0,5,3,36,0,0,0
0,6,3,31,0,0,0
0,6,1,6,0,0,0
0,1,6,48,0,0,0
0,0,0,0,0,0,0
1,256,7,56,2,2,257
1,256,7,56,2,2,257
0,3,1,3,0,0,0
0,6,3,31,0,0,0
0,4,3,31,0,0,0
0,6,3,33,0,0,0
0,6,1,6,0,0,0
0,1,6,48,0,0,0
0,33,3,36,0,0,0
0,33,1,3,0,0,0
0,33,6,51,0,0,0
0,64,3,33,0,0,0
1,256,7,56,2,2,257
0,0,0,0,0,0,0
0,64,1,3,0,0,0
0,64,6,46,0,0,0
1,256,7,56,2,2,257
0,6,3,36,0,0,0
0,6,1,3,0,0,0
0,64,3,33,0,0,0
0,6,4,45,0,0,0
0,6,4,45,0,0,0
0,1,6,48,0,0,0
0,0,0,0,0,0,0
0,6,1,3,0,0,0
0,6,1,3,0,0,0
0,64,3,33,0,0,0
0,6,4,45,0,0,0
0,32,4,41,0,0,0
0,32,4,41,0,0,0
0,32,1,3,0,0,0
0,0,4,42,0,0,0
0,0,0,0,0,0,0
0,0,0,0,0,0,0
0,0,0,0,0,0,0
0,0,0,0,0,0,0
0,0,0,1,0,0,0
2,32,7,56,2,2,257
0,32,4,43,0,0,0
2,32,7,56,2,2,257
0,32,4,43,0,0,0
0,31,3,36,0,0,0
0,32,1,3,0,0,0
0,1,6,48,0,0,0
0,0,0,0,0,0,0
1,256,7,56,2,2,257
1,256,7,56,2,2,257
0,1,6,48,0,0,0
0,32,1,3,0,0,0
0,1,6,48,0,0,0
0,32,6,51,0,0,0
0,64,3,33,0,0,0
1,256,7,56,2,2,257
0,0,0,0,0,0,0
0,31,6,46,0,0,0
0,31,1,3,0,0,0
1,256,7,56,2,2,257
0,1,6,48,0,0,0
0,0,0,0,0,0,0
1,256,7,56,2,2,257
1,256,7,56,2,2,257
0,0,0,0,0,0,0
1,256,7,56,2,2,257
1,256,7,56,2,2,257
0,0,0,0,0,0,0
0,64,1,3,0,0,0
0,64,6,46,0,0,0
1,256,7,56,2,2,257
0,20,3,36,0,0,0
0,20,1,9,0,0,0
0,64,3,33,0,0,0
2,64,7,56,2,2,257
0,20,4,45,0,0,0
0,1,6,48,0,0,0
0,0,0,0,0,0,0
1,256,7,56,2,2,257
1,256,7,56,2,2,257
0,10,3,36,0,0,0
0,10,1,3,0,0,0
0,20,3,33,0,0,0
0,20,1,9,0,0,0
0,20,3,36,0,0,0
0,20,1,9,0,0,0
0,64,4,41,0,0,0
0,64,3,32,0,0,0
1,256,7,56,2,2,257
0,0,0,0,0,0,0
0,64,6,46,0,0,0
0,64,1,13,0,1,0
1,256,7,56,2,2,257
0,64,6,46,0,0,0
0,64,1,3,0,0,0
0,20,3,36,0,0,0
0,20,1,3,0,0,0
0,64,3,33,0,0,0
0,20,4,45,0,0,0
0,20,1,3,0,0,0
0,64,3,33,0,0,0
0,20,4,45,0,0,0
0,20,1,3,0,0,0
0,64,3,33,0,0,0
0,20,4,45,0,0,0
0,1,6,48,0,0,0
0,0,0,0,0,0,0
0,20,1,3,0,0,0
0,20,1,3,0,0,0
0,64,3,33,0,0,0
0,20,4,45,0,0,0
0,20,1,3,0,0,0
0,64,3,33,0,0,0
0,20,4,45,0,0,0
0,64,4,41,0,0,0
0,64,3,32,0,0,0
0,64,4,41,0,0,0
0,64,3,32,0,0,0
0,64,1,4,0,0,0
0,20,3,36,0,0,0
0,20,1,3,0,0,0
0,64,3,33,0,0,0
0,20,4,45,0,0,0
0,20,1,3,0,0,0
0,64,3,33,0,0,0
0,20,4,45,0,0,0
0,20,1,3,0,0,0
0,64,3,33,0,0,0
0,20,4,45,0,0,0
0,64,4,41,0,0,0
0,64,3,32,0,0,0
0,64,1,4,0,0,0
0,64,1,4,1,1,0
0,64,4,41,0,0,0
0,64,3,32,0,0,0
0,64,1,4,0,1,0
0,64,4,41,0,0,0
0,64,3,32,0,0,0
0,64,1,4,0,1,0
0,64,4,41,0,0,0
0,64,3,32,0,0,0
0,64,1,4,0,1,0
0,64,4,41,0,0,0
0,64,3,32,0,0,0
0,64,1,4,0,1,0
0,64,4,41,0,0,0
0,64,3,32,0,0,0
0,64,1,4,0,1,0
0,64,3,32,0,0,0
0,0,4,42,0,0,0
0,0,0,0,0,0,0
0,0,0,0,0,0,0
0,0,0,0,0,0,0
0,0,0,0,0,0,0
0,0,0,0,0,0,0
1,256,7,56,2,2,257
0,0,0,1,0,0,0
2,64,7,56,2,2,257
0,64,4,43,0,0,0
2,64,7,56,2,2,257
0,64,4,43,0,0,0
2,32,7,56,2,2,257
0,32,4,43,0,0,0
2,32,7,56,2,2,257
0,32,4,43,0,0,0
2,32,7,56,2,2,257
0,32,4,43,0,0,0
0,64,3,33,0,0,0
0,25,3,36,0,0,0
0,17,3,36,0,0,0
0,64,3,33,0,0,0
0,56,3,33,0,0,0
0,41,3,33,0,0,0
0,1,6,48,0,0,0
2,64,7,56,2,2,257
0,9,4,45,0,0,0
0,64,4,41,0,0,0
0,64,3,32,0,0,0
2,64,7,56,2,2,257
0,9,4,45,0,0,0
0,64,4,41,0,0,0
0,64,3,32,0,0,0
0,64,1,13,0,0,0
2,64,7,56,2,2,257
0,9,4,45,0,0,0
0,64,4,41,0,0,0
0,64,3,32,0,0,0
2,64,7,56,2,2,257
0,9,4,45,0,0,0
0,64,4,41,0,0,0
0,64,3,32,0,0,0
0,64,1,13,0,0,0
0,64,1,13,0,0,0
0,64,3,33,0,0,0
0,64,1,9,0,0,0
1,256,7,56,2,2,257
0,0,0,0,0,0,0
0,64,6,46,0,0,0
1,256,7,56,2,2,257
0,64,1,3,0,0,0
1,256,7,56,2,2,257
0,32,6,46,0,0,0
0,32,6,51,0,0,0
0,32,6,46,0,0,0
0,32,1,3,0,0,0
0,41,3,33,0,0,0
0,40,3,31,0,0,0
0,41,3,33,0,0,0
0,41,1,3,0,0,0
0,17,3,36,0,0,0
0,17,1,3,0,0,0
0,64,3,33,0,0,0
2,64,7,56,2,2,257
0,17,4,45,0,0,0
0,41,1,3,0,0,0
0,64,3,33,0,0,0
0,25,3,36,0,0,0
2,64,7,56,2,2,257
0,17,4,45,0,0,0
0,17,3,36,0,0,0
0,25,3,31,0,0,0
0,25,1,3,0,0,0
0,25,1,3,0,0,0
0,64,3,33,0,0,0
2,64,7,56,2,2,257
0,25,4,45,0,0,0
2,64,7,56,2,2,257
0,25,4,45,0,0,0
0,64,4,41,0,0,0
0,64,3,32,0,0,0
0,64,4,41,0,0,0
0,64,3,32,0,0,0
0,64,1,7,0,0,0
0,64,4,41,0,0,0
0,64,3,32,0,0,0
0,64,1,4,0,0,0
0,64,4,41,0,0,0
0,64,3,32,0,0,0
0,64,1,7,0,0,0
0,1,6,48,0,0,0
0,0,0,0,0,0,0
1,256,7,56,2,2,257
1,256,7,56,2,2,257
0,9,4,45,0,0,0
0,64,3,33,0,0,0
0,64,4,41,0,0,0
0,64,3,32,0,0,0
0,9,4,45,0,0,0
0,64,4,41,0,0,0
0,64,3,32,0,0,0
0,64,1,13,0,0,0
0,64,1,13,0,0,0
1,256,7,56,2,2,257
0,0,0,0,0,0,0
0,31,1,3,0,0,0
0,31,6,46,0,0,0
1,256,7,56,2,2,257
1,256,7,56,2,2,257
0,32,3,33,0,0,0
0,1,6,48,0,0,0
0,0,0,0,0,0,0
1,256,7,56,2,2,257
0,64,3,33,0,0,0
0,25,3,36,0,0,0
0,25,1,3,0,0,0
0,25,1,3,0,0,0
0,64,3,33,0,0,0
2,64,7,56,2,2,257
0,25,4,45,0,0,0
0,25,4,45,0,0,0
0,25,1,3,0,0,0
0,25,1,3,0,0,0
0,64,3,33,0,0,0
0,25,4,45,0,0,0
0,25,4,45,0,0,0
2,64,7,56,2,2,257
0,25,4,45,0,0,0
0,64,4,41,0,0,0
0,64,3,32,0,0,0
0,64,4,41,0,0,0
0,64,3,32,0,0,0
0,64,1,7,0,0,0
0,25,3,36,0,0,0
0,25,1,3,0,0,0
0,64,3,33,0,0,0
0,25,4,45,0,0,0
0,64,4,41,0,0,0
0,64,3,32,0,0,0
0,64,1,4,0,0,0
0,64,4,41,0,0,0
0,64,3,32,0,0,0
0,64,1,7,0,0,0
0,64,4,41,0,0,0
0,64,3,32,0,0,0
0,64,1,10,0,0,0
0,64,1,10,0,0,0
0,64,1,7,0,0,0
0,9,4,45,0,0,0
0,64,4,41,0,0,0
0,64,3,32,0,0,0
0,9,4,45,0,0,0
0,64,4,41,0,0,0
0,64,3,32,0,0,0
0,64,1,13,0,0,0
0,64,4,41,0,0,0
0,64,3,32,0,0,0
0,64,1,10,0,0,0
0,64,1,10,0,0,0
0,64,1,13,0,0,0
0,64,1,10,0,0,0
0,64,1,4,0,0,0
0,64,1,10,0,0,0
0,64,1,13,0,0,0
0,64,1,10,0,0,0
0,64,1,7,0,0,0
0,64,3,32,0,0,0
0,0,4,42,0,0,0
0,64,3,32,0,0,0
0,0,4,42,0,0,0
0,0,0,0,0,0,0
1,256,7,56,2,2,257
0,0,0,0,0,0,0
0,25,4,45,0,0,0
0,64,4,41,0,0,0
0,64,3,32,0,0,0
0,25,4,45,0,0,0
0,64,4,41,0,0,0
0,64,3,32,0,0,0
0,64,1,7,0,0,0
0,17,4,45,0,0,0
0,64,4,41,0,0,0
0,64,3,32,0,0,0
0,64,1,4,0,0,0
0,25,4,45,0,0,0
0,64,4,41,0,0,0
0,64,3,32,0,0,0
0,64,1,7,0,0,0
0,9,4,45,0,0,0
0,64,4,41,0,0,0
0,64,3,32,0,0,0
0,9,4,45,0,0,0
0,64,4,41,0,0,0
0,64,3,32,0,0,0
0,64,1,13,0,0,0
0,25,4,45,0,0,0
0,64,4,41,0,0,0
0,64,3,32,0,0,0
0,64,1,10,0,0,0
0,64,1,13,0,0,0
0,64,1,10,0,0,0
0,64,1,7,0,0,0
0,64,3,32,0,0,0
0,25,4,45,0,0,0
0,64,4,41,0,0,0
0,64,3,32,0,0,0
0,64,1,10,0,0,0
0,64,1,13,0,0,0
0,64,1,10,0,0,0
0,64,1,4,0,0,0
0,64,1,13,0,0,0
0,64,1,10,0,0,0
0,64,1,7,0,0,0
0,64,3,32,0,0,0
0,0,4,42,0,0,0
0,0,4,42,0,0,0
0,0,0,0,0,0,0
1,256,7,56,2,2,257
0,64,1,13,0,0,0
1,256,7,56,2,2,257
0,0,0,0,0,0,0
0,31,1,3,0,0,0
0,31,6,46,0,0,0
1,256,7,56,2,2,257
0,32,3,33,0,0,0
0,1,6,48,0,0,0
0,0,0,0,0,0,0
1,256,7,56,2,2,257
0,64,3,33,0,0,0
0,25,3,36,0,0,0
0,17,3,36,0,0,0
0,17,3,36,0,0,0
0,17,1,3,0,0,0
0,64,3,33,0,0,0
0,17,4,45,0,0,0
0,25,1,3,0,0,0
0,64,3,33,0,0,0
0,25,4,45,0,0,0
0,25,1,3,0,0,0
0,25,1,3,0,0,0
0,64,3,33,0,0,0
0,25,4,45,0,0,0
0,25,4,45,0,0,0
0,25,4,45,0,0,0
0,25,4,45,0,0,0
0,64,4,41,0,0,0
0,64,3,32,0,0,0
0,64,4,41,0,0,0
0,64,3,32,0,0,0
0,64,1,7,0,0,0
0,25,3,36,0,0,0
0,25,1,3,0,0,0
0,64,3,33,0,0,0
0,25,4,45,0,0,0
0,64,4,41,0,0,0
0,64,3,32,0,0,0
0,64,1,4,0,0,0
0,64,4,41,0,0,0
0,64,3,32,0,0,0
0,64,1,7,0,0,0
0,64,4,41,0,0,0
0,64,3,32,0,0,0
0,64,1,10,0,0,0
0,64,1,10,0,0,0
0,64,1,7,0,0,0
0,9,4,45,0,0,0
0,64,4,41,0,0,0
0,64,3,32,0,0,0
0,9,4,45,0,0,0
0,64,4,41,0,0,0
0,64,3,32,0,0,0
0,64,1,13,0,0,0
0,64,4,41,0,0,0
0,64,3,32,0,0,0
0,64,1,10,0,0,0
0,64,1,13,0,0,0
0,64,1,10,0,0,0
0,64,1,4,0,0,0
0,64,1,13,0,0,0
0,64,4,41,0,0,0
0,64,3,32,0,0,0
0,64,1,10,0,0,0
0,64,1,7,0,0,0
0,64,3,32,0,0,0
0,0,4,42,0,0,0
0,64,3,32,0,0,0
0,0,4,42,0,0,0
0,0,0,0,0,0,0
0,0,0,0,0,0,0
0,64,3,32,0,0,0
0,0,4,42,0,0,0
0,17,4,45,0,0,0
0,25,4,45,0,0,0
0,64,4,41,0,0,0
0,64,3,32,0,0,0
0,64,1,10,0,0,0
0,64,1,7,0,0,0
0,64,1,10,0,0,0
0,64,3,32,0,0,0
0,0,4,42,0,0,0
0,17,4,45,0,0,0
0,25,4,45,0,0,0
0,64,4,41,0,0,0
0,64,3,32,0,0,0
0,64,1,10,0,0,0
0,64,1,10,0,0,0
0,64,1,4,0,0,0
0,64,1,10,0,0,0
0,64,1,7,0,0,0
0,64,3,32,0,0,0
0,0,4,42,0,0,0
0,0,4,42,0,0,0
0,0,0,0,0,0,0
0,32,1,3,0,0,0
0,1,6,48,0,0,0
0,32,6,51,0,0,0
0,41,3,33,0,0,0
0,40,3,31,0,0,0
0,41,3,33,0,0,0
0,41,1,3,0,0,0
0,17,3,36,0,0,0
0,17,1,3,0,0,0
0,64,3,33,0,0,0
0,17,4,45,0,0,0
0,41,1,3,0,0,0
0,64,3,33,0,0,0
0,25,3,36,0,0,0
0,17,4,45,0,0,0
0,17,3,36,0,0,0
0,25,3,31,0,0,0
0,25,1,3,0,0,0
0,25,1,3,0,0,0
0,64,3,33,0,0,0
0,25,4,45,0,0,0
0,25,4,45,0,0,0
0,64,3,33,0,0,0
0,56,3,33,0,0,0
0,40,3,31,0,0,0
0,56,3,33,0,0,0
0,56,1,3,0,0,0
0,56,1,3,0,0,0
0,25,3,36,0,0,0
0,17,3,36,0,0,0
0,25,3,31,0,0,0
0,25,1,3,0,0,0
0,64,3,33,0,0,0
2,64,7,56,2,2,257
0,9,4,45,0,0,0
0,64,4,41,0,0,0
0,64,3,32,0,0,0
2,64,7,56,2,2,257
0,9,4,45,0,0,0
0,64,4,41,0,0,0
0,64,3,32,0,0,0
0,64,4,41,0,0,0
0,64,3,32,0,0,0
0,64,4,41,0,0,0
0,64,3,32,0,0,0
0,64,1,7,0,0,0
0,64,4,41,0,0,0
0,64,3,32,0,0,0
0,64,1,4,0,0,0
0,64,4,41,0,0,0
0,64,3,32,0,0,0
0,64,1,7,0,0,0
0,64,6,51,0,0,0
0,56,3,33,0,0,0
0,56,1,3,0,0,0
0,64,3,33,0,0,0
0,25,3,36,0,0,0
2,64,7,56,2,2,257
2,64,7,56,2,2,257
0,17,3,36,0,0,0
0,25,3,31,0,0,0
0,25,1,3,0,0,0
0,64,3,33,0,0,0
0,56,3,33,0,0,0
0,56,1,3,0,0,0
0,25,3,36,0,0,0
0,17,3,36,0,0,0
0,25,3,31,0,0,0
0,25,1,3,0,0,0
0,64,3,33,0,0,0
0,0,0,0,0,0,0
0,0,0,1,0,0,0
2,32,7,56,2,2,257
0,32,4,43,0,0,0
2,64,7,56,2,2,257
0,24,4,45,0,0,0
0,24,3,36,0,0,0
2,64,7,56,2,2,257
0,12,4,45,0,0,0
0,64,4,41,0,0,0
0,0,4,42,0,0,0
2,64,7,56,2,2,257
0,12,4,45,0,0,0
0,0,4,42,0,0,0
2,64,7,56,2,2,257
0,12,4,45,0,0,0
0,0,4,42,0,0,0
1,256,7,56,2,2,257
0,0,0,0,0,0,0
0,25,1,3,0,0,0
0,25,6,46,0,0,0
1,256,7,56,2,2,257
1,256,7,56,2,2,257
0,32,3,33,0,0,0
0,1,6,48,0,0,0
0,0,0,0,0,0,0
1,256,7,56,2,2,257
1,256,7,56,2,2,257
0,64,3,33,0,0,0
0,24,3,36,0,0,0
0,24,3,36,0,0,0
0,24,1,9,0,0,0
0,64,3,33,0,0,0
0,24,4,45,0,0,0
2,64,7,56,2,2,257
0,24,4,45,0,0,0
0,24,4,45,0,0,0
0,12,3,36,0,0,0
0,24,1,3,0,0,0
0,64,3,33,0,0,0
0,12,1,3,0,0,0
0,12,4,45,0,0,0
0,64,4,41,0,0,0
0,64,3,32,0,0,0
0,12,4,45,0,0,0
0,64,4,41,0,0,0
0,64,3,32,0,0,0
0,64,1,10,0,0,0
0,64,1,10,0,0,0
0,64,1,7,0,0,0
0,64,3,32,0,0,0
0,12,4,45,0,0,0
0,0,4,42,0,0,0
0,12,4,45,0,0,0
0,64,4,41,0,0,0
0,64,3,32,0,0,0
0,0,4,42,0,0,0
1,256,7,56,2,2,257
0,0,0,0,0,0,0
0,25,1,3,0,0,0
0,25,6,46,0,0,0
1,256,7,56,2,2,257
0,64,1,4,1,1,0
0,64,6,46,0,0,0
0,37,1,3,0,0,0
0,37,6,46,0,0,0
0,24,3,36,0,0,0
0,1,6,48,0,0,0
0,0,0,0,0,0,0
1,256,7,56,2,2,257
0,24,1,3,0,0,0
0,64,3,33,0,0,0
0,24,4,45,0,0,0
0,12,3,36,0,0,0
0,12,1,6,0,0,0
0,64,3,33,0,0,0
0,12,4,45,0,0,0
0,64,4,41,0,0,0
0,64,3,32,0,0,0
0,64,4,41,0,0,0
0,64,3,32,0,0,0
0,64,1,10,0,0,0
0,24,3,36,0,0,0
0,24,1,9,0,0,0
0,24,1,3,0,0,0
0,64,3,33,0,0,0
0,24,4,45,0,0,0
0,64,3,32,0,0,0
0,0,4,42,0,0,0
0,0,0,0,0,0,0
0,64,4,41,0,0,0
0,64,2,25,0,0,0
0,64,3,32,0,0,0
0,64,1,10,0,0,0
0,64,3,32,0,0,0
0,12,4,45,0,0,0
0,0,4,42,0,0,0
1,256,7,56,2,2,257
0,0,0,0,0,0,0
0,24,1,3,0,0,0
0,24,6,46,0,0,0
1,256,7,56,2,2,257
0,37,1,3,0,0,0
0,37,6,46,0,0,0
0,24,3,36,0,0,0
0,25,3,33,0,0,0
0,1,6,48,0,0,0
0,0,0,0,0,0,0
0,24,1,3,0,0,0
0,64,3,33,0,0,0
0,24,4,45,0,0,0
0,24,1,3,0,0,0
0,64,3,33,0,0,0
0,24,4,45,0,0,0
0,12,3,36,0,0,0
0,64,4,41,0,0,0
0,64,3,32,0,0,0
0,12,1,6,0,0,0
0,24,3,33,0,0,0
0,24,1,9,0,0,0
0,24,1,3,0,0,0
0,64,3,33,0,0,0
0,24,4,45,0,0,0
0,64,4,41,0,0,0
0,64,3,32,0,0,0
0,64,1,10,0,0,0
0,64,1,4,0,0,0
0,64,3,32,0,0,0
0,0,4,42,0,0,0
0,0,0,0,0,0,0
0,0,4,42,0,0,0
0,0,0,0,0,0,0
0,24,1,3,0,0,0
1,256,7,56,2,2,257
0,0,0,0,0,0,0
0,12,1,3,0,0,0
0,12,6,46,0,0,0
1,256,7,56,2,2,257
0,37,1,3,0,0,0
0,37,6,46,0,0,0
0,24,3,36,0,0,0
0,32,3,33,0,0,0
0,1,6,48,0,0,0
0,0,0,0,0,0,0
1,256,7,56,2,2,257
0,64,3,33,0,0,0
0,24,1,3,0,0,0
0,64,3,33,0,0,0
0,24,4,45,0,0,0
0,64,4,41,0,0,0
2,64,7,56,2,2,257
0,12,4,45,0,0,0
0,0,4,42,0,0,0
0,0,0,0,0,0,0
0,0,0,1,0,0,0
2,64,7,56,2,2,257
0,64,4,43,0,0,0
2,64,7,56,2,2,257
0,64,4,43,0,0,0
2,32,7,56,2,2,257
0,32,4,43,0,0,0
2,32,7,56,2,2,257
0,32,4,43,0,0,0
2,32,7,56,2,2,257
0,32,4,43,0,0,0
0,1,6,48,0,0,0
0,64,3,33,0,0,0
0,64,3,33,0,0,0
0,64,1,9,0,0,0
1,256,7,56,2,2,257
0,0,0,0,0,0,0
0,64,6,46,0,0,0
1,256,7,56,2,2,257
0,64,1,3,0,0,0
1,256,7,56,2,2,257
0,32,6,46,0,0,0
0,32,6,51,0,0,0
0,21,6,46,0,0,0
0,21,1,3,0,0,0
0,32,3,33,0,0,0
0,1,6,48,0,0,0
0,1,6,48,0,0,0
0,0,0,0,0,0,0
1,256,7,56,2,2,257
1,256,7,56,2,2,257
0,31,1,3,0,0,0
0,31,6,46,0,0,0
1,256,7,56,2,2,257
1,256,7,56,2,2,257
0,64,1,4,1,1,0
0,64,6,46,0,0,0
0,64,1,10,0,0,0
0,32,3,33,0,0,0
0,1,6,48,0,0,0
0,0,0,0,0,0,0
1,256,7,56,2,2,257
0,20,3,36,0,0,0
0,20,3,31,0,0,0
0,20,1,3,0,0,0
0,64,3,33,0,0,0
2,64,7,56,2,2,257
0,20,4,45,0,0,0
0,10,3,36,0,0,0
0,20,3,31,0,0,0
0,20,1,3,0,0,0
0,20,3,36,0,0,0
0,64,3,33,0,0,0
2,64,7,56,2,2,257
0,20,4,45,0,0,0
0,64,4,41,0,0,0
0,64,3,32,0,0,0
0,64,1,10,0,0,0
0,64,4,41,0,0,0
0,64,3,32,0,0,0
0,64,1,10,0,0,0
1,256,7,56,2,2,257
0,0,0,0,0,0,0
0,64,3,32,0,0,0
0,0,4,42,0,0,0
0,20,4,45,0,0,0
0,0,0,0,0,0,0
0,21,6,51,0,0,0
0,0,0,0,0,0,0
0,32,1,3,0,0,0
0,10,3,36,0,0,0
0,20,1,3,0,0,0
0,64,3,33,0,0,0
2,64,7,56,2,2,257
0,64,4,41,0,0,0
0,64,3,32,0,0,0
0,64,3,32,0,0,0
0,0,4,42,0,0,0
0,0,0,0,0,0,0
0,0,0,0,0,0,0
0,0,0,1,0,0,0
0,64,4,40,0,0,0
0,64,4,40,0,0,0
2,64,7,56,2,2,257
0,64,4,43,0,0,0
2,32,7,56,2,2,257
0,32,4,43,0,0,0
0,64,3,33,0,0,0
1,256,7,56,2,2,257
0,0,0,0,0,0,0
0,32,1,3,0,0,0
0,32,6,46,0,0,0
1,256,7,56,2,2,257
1,256,7,56,2,2,257
0,1,6,48,0,0,0
0,0,0,0,0,0,0
1,256,7,56,2,2,257
1,256,7,56,2,2,257
0,64,3,33,0,0,0
0,10,3,36,0,0,0
0,20,3,31,0,0,0
0,64,1,9,0,0,0
0,0,4,42,0,0,0
0,0,4,42,0,0,0
1,256,7,56,2,2,257
0,0,0,0,0,0,0
0,64,6,46,0,0,0
0,64,1,3,0,0,0
1,256,7,56,2,2,257
0,32,6,46,0,0,0
0,32,6,51,0,0,0
0,32,6,46,0,0,0
0,32,1,3,0,0,0
0,1,6,48,0,0,0
0,0,0,0,0,0,0
0,32,1,3,0,0,0
0,1,6,48,0,0,0
0,32,6,51,0,0,0
0,20,3,36,0,0,0
0,10,3,36,0,0,0
0,20,3,31,0,0,0
0,20,1,3,0,0,0
0,64,3,33,0,0,0
2,64,7,56,2,2,257
0,20,4,45,0,0,0
0,20,3,36,0,0,0
0,20,1,3,0,0,0
0,64,3,33,0,0,0
2,64,7,56,2,2,257
0,20,4,45,0,0,0
0,20,1,3,0,0,0
0,64,3,33,0,0,0
0,20,4,45,0,0,0
0,64,4,41,0,0,0
0,64,3,32,0,0,0
0,64,1,10,0,0,0
0,64,4,41,1,1,0
0,64,4,41,0,0,0
0,64,4,41,0,0,0
0,1,6,48,0,0,0
0,64,6,51,0,1,0
0,64,3,32,0,0,0
0,64,1,10,0,1,0
0,64,4,41,0,0,0
0,64,4,41,0,0,0
0,64,4,41,0,0,0
0,1,6,48,0,0,0
0,64,6,51,0,0,0
0,64,3,32,0,0,0
0,64,1,4,0,1,0
0,64,3,32,0,0,0
0,0,4,42,0,0,0
0,0,4,42,0,1,0
0,0,4,42,0,0,0
0,0,0,0,0,0,0
0,0,0,0,0,0,0
0,0,0,1,0,0,0
2,64,7,56,2,2,257
0,64,4,43,0,0,0
2,64,7,56,2,2,257
0,64,4,43,0,0,0
2,32,7,56,2,2,257
0,32,4,43,0,0,0
2,32,7,56,2,2,257
0,32,4,43,0,0,0
0,1,6,48,0,0,0
0,0,0,0,0,0,0
1,256,7,56,2,2,257
1,256,7,56,2,2,257
0,31,3,36,0,0,0
0,62,3,33,0,0,0
0,62,1,9,0,0,0
1,256,7,56,2,2,257
0,0,0,0,0,0,0
0,62,6,46,0,0,0
0,62,1,3,0,0,0
1,256,7,56,2,2,257
0,31,6,46,0,0,0
0,31,6,51,0,0,0
0,21,6,46,0,0,0
0,21,1,3,0,0,0
0,31,3,33,0,0,0
0,1,6,48,0,0,0
0,1,6,48,0,0,0
0,0,0,0,0,0,0
1,256,7,56,2,2,257
0,31,1,3,0,0,0
0,21,6,51,0,0,0
0,10,3,36,0,0,0
0,20,3,31,0,0,0
0,20,3,36,0,0,0
0,20,1,3,0,0,0
0,64,3,33,0,0,0
2,64,7,56,2,2,257
0,20,4,45,0,0,0
0,64,4,41,0,0,0
0,64,3,32,0,0,0
0,64,1,10,0,0,0
0,64,3,32,0,0,0
0,0,4,42,0,0,0
0,0,0,0,0,0,0
0,1,6,48,0,0,0
1,256,7,56,2,2,257
0,0,0,0,0,0,0
0,62,6,46,0,0,0
0,62,1,3,0,0,0
1,256,7,56,2,2,257
0,31,6,46,0,0,0
0,31,6,51,0,0,0
0,31,6,46,0,0,0
0,31,1,3,0,0,0
0,1,6,48,0,0,0
0,0,0,0,0,0,0
1,256,7,56,2,2,257
1,256,7,56,2,2,257
0,20,4,45,0,0,0
0,64,4,41,0,0,0
0,64,3,32,0,0,0
1,256,7,56,2,2,257
0,0,0,0,0,0,0
0,31,1,3,0,0,0
0,31,6,46,0,0,0
1,256,7,56,2,2,257
1,256,7,56,2,2,257
0,64,1,4,1,1,0
0,64,6,46,0,0,0
0,32,3,33,0,0,0
0,1,6,48,0,0,0
0,0,0,0,0,0,0
1,256,7,56,2,2,257
0,20,3,36,0,0,0
0,20,3,31,0,0,0
0,20,1,3,0,0,0
0,64,3,33,0,0,0
2,64,7,56,2,2,257
0,20,4,45,0,0,0
0,20,3,31,0,0,0
0,20,1,3,0,0,0
0,64,3,33,0,0,0
0,20,4,45,0,0,0
0,64,4,41,0,0,0
0,64,3,32,0,0,0
0,64,1,10,0,0,0
0,64,4,41,0,0,0
0,64,3,32,0,0,0
0,64,1,10,0,0,0
0,0,0,0,0,0,0
0,64,3,32,0,0,0
0,0,4,42,0,0,0
0,0,0,0,0,0,0
0,31,6,51,0,0,0
0,0,0,0,0,0,0
0,31,1,3,0,0,0
0,1,6,48,0,0,0
0,10,3,36,0,0,0
0,20,3,36,0,0,0
0,20,1,3,0,0,0
0,64,3,33,0,0,0
0,10,3,36,0,0,0
0,0,0,0,0,0,0
0,0,0,0,0,0,0
1,256,7,56,2,2,257
0,0,0,1,0,0,0
2,64,7,56,2,2,257
0,64,4,43,0,0,0
2,64,7,56,2,2,257
0,64,4,43,0,0,0
2,32,7,56,2,2,257
0,32,4,43,0,0,0
0,1,6,48,0,0,0
0,0,0,0,0,0,0
1,256,7,56,2,2,257
1,256,7,56,2,2,257
0,31,3,36,0,0,0
0,62,3,33,0,0,0
0,62,1,9,0,0,0
1,256,7,56,2,2,257
0,0,0,0,0,0,0
0,62,6,46,0,0,0
0,62,1,3,0,0,0
1,256,7,56,2,2,257
0,31,6,46,0,0,0
0,31,6,51,0,0,0
0,24,6,46,0,0,0
0,24,1,3,0,0,0
0,31,3,33,0,0,0
0,1,6,48,0,0,0
0,1,6,48,0,0,0
0,0,0,0,0,0,0
1,256,7,56,2,2,257
1,256,7,56,2,2,257
0,0,0,0,0,0,0
0,31,1,3,0,0,0
0,24,6,51,0,0,0
0,24,3,36,0,0,0
0,24,3,36,0,0,0
0,24,6,51,0,0,0
0,64,3,33,0,0,0
0,24,1,9,0,0,0
2,64,7,56,2,2,257
0,12,4,45,0,0,0
0,64,4,41,0,0,0
0,64,3,32,0,0,0
2,64,7,56,2,2,257
0,12,4,45,0,0,0
0,64,4,41,0,0,0
0,64,3,32,0,0,0
0,64,3,33,0,0,0
0,24,1,3,0,0,0
0,64,3,33,0,0,0
2,64,7,56,2,2,257
0,24,4,45,0,0,0
0,64,4,41,0,0,0
0,64,3,32,0,0,0
2,64,7,56,2,2,257
0,12,4,45,0,0,0
0,64,4,41,0,0,0
0,64,3,32,0,0,0
0,64,1,10,0,0,0
0,64,1,4,0,0,0
2,64,7,56,2,2,257
0,12,4,45,0,0,0
0,64,4,41,0,0,0
0,64,3,32,0,0,0
0,64,1,10,0,0,0
0,64,1,4,0,0,0
0,64,3,32,0,0,0
0,0,4,42,0,0,0
0,0,0,0,0,0,0
0,12,1,3,0,0,0
0,12,6,46,0,0,0
1,256,7,56,2,2,257
0,31,3,33,0,0,0
0,1,6,48,0,0,0
0,0,0,0,0,0,0
1,256,7,56,2,2,257
1,256,7,56,2,2,257
1,256,7,56,2,2,257
0,0,0,0,0,0,0
0,64,3,33,0,0,0
0,24,3,33,0,0,0
2,64,7,56,2,2,257
0,12,4,45,0,0,0
0,64,4,41,0,0,0
0,64,3,32,0,0,0
1,256,7,56,2,2,257
0,0,0,0,0,0,0
0,31,1,3,0,0,0
0,31,6,46,0,0,0
1,256,7,56,2,2,257
0,64,1,4,1,1,0
0,64,6,46,0,0,0
0,43,1,3,0,0,0
0,43,6,46,0,0,0
0,24,3,36,0,0,0
0,1,6,48,0,0,0
0,0,0,0,0,0,0
0,64,3,33,0,0,0
0,24,1,3,0,0,0
0,64,3,33,0,0,0
0,24,4,45,0,0,0
0,64,4,41,0,0,0
0,64,3,32,0,0,0
0,64,1,10,0,0,0
2,64,7,56,2,2,257
0,12,4,45,0,0,0
0,64,4,41,0,0,0
0,64,3,32,0,0,0
0,64,1,10,0,0,0
0,0,0,0,0,0,0
0,64,3,32,0,0,0
0,0,4,42,0,0,0
0,0,0,0,0,0,0
0,12,1,3,0,0,0
0,12,6,46,0,0,0
1,256,7,56,2,2,257
0,31,3,33,0,0,0
0,1,6,48,0,0,0
0,0,0,0,0,0,0
1,256,7,56,2,2,257
1,256,7,56,2,2,257
0,0,0,0,0,0,0
0,64,3,33,0,0,0
0,12,4,45,0,0,0
0,64,4,41,0,0,0
0,64,3,32,0,0,0
2,64,7,56,2,2,257
0,12,4,45,0,0,0
0,64,4,41,0,0,0
0,64,3,32,0,0,0
0,64,1,4,0,0,0
0,64,3,32,0,0,0
0,0,4,42,0,0,0
0,0,0,0,0,0,0
0,12,1,3,0,0,0
0,12,6,46,0,0,0
1,256,7,56,2,2,257
0,24,1,3,0,0,0
0,24,6,46,0,0,0
0,31,3,33,0,0,0
0,1,6,48,0,0,0
0,0,0,0,0,0,0
1,256,7,56,2,2,257
1,256,7,56,2,2,257
0,64,3,33,0,0,0
2,64,7,56,2,2,257
0,12,4,45,0,0,0
0,64,4,41,0,0,0
0,64,3,32,0,0,0
1,256,7,56,2,2,257
0,0,0,0,0,0,0
0,12,1,3,0,0,0
0,12,6,46,0,0,0
1,256,7,56,2,2,257
0,64,1,4,1,1,0
0,64,6,46,0,0,0
0,31,3,33,0,0,0
0,1,6,48,0,0,0
0,0,0,0,0,0,0
0,64,3,33,0,0,0
0,24,3,33,0,0,0
0,24,1,3,0,0,0
0,64,3,33,0,0,0
0,24,4,45,0,0,0
0,64,4,41,0,0,0
0,64,3,32,0,0,0
0,64,1,10,0,0,0
0,12,4,45,0,0,0
0,64,4,41,0,0,0
0,64,3,32,0,0,0
0,64,1,10,0,0,0
0,0,0,0,0,0,0
0,64,3,32,0,0,0
0,0,4,42,0,0,0
0,0,0,0,0,0,0
0,0,0,0,0,0,0
1,256,7,56,2,2,257
0,0,0,1,0,0,0
2,32,7,56,2,2,257
0,32,4,43,0,0,0
2,32,7,56,2,2,257
0,32,4,43,0,0,0
2,32,7,56,2,2,257
0,32,4,43,0,0,0
0,32,1,3,0,0,0
0,32,1,3,0,0,0
0,33,3,33,0,0,0
0,31,6,53,0,0,0
0,1,6,48,0,0,0
0,32,6,51,0,0,0
0,64,3,33,0,0,0
0,64,3,33,0,0,0
0,64,1,9,0,0,0
0,31,6,53,0,0,0
0,1,6,48,0,0,0
0,33,1,3,0,0,0
0,33,6,51,0,0,0
0,65,3,33,0,0,0
0,65,3,33,0,0,0
0,65,1,9,0,0,0
0,64,3,33,0,0,0
0,64,3,33,0,0,0
0,64,1,9,0,0,0
1,256,7,56,2,2,257
0,0,0,0,0,0,0
0,32,1,3,0,0,0
0,32,6,46,0,0,0
1,256,7,56,2,2,257
1,256,7,56,2,2,257
0,1,6,48,0,0,0
0,0,0,0,0,0,0
1,256,7,56,2,2,257
1,256,7,56,2,2,257
0,64,3,33,0,0,0
2,64,7,56,2,2,257
0,6,4,45,0,0,0
0,64,4,41,0,0,0
1,256,7,56,2,2,257
0,0,0,0,0,0,0
0,20,1,3,0,0,0
0,20,6,46,0,0,0
1,256,7,56,2,2,257
0,32,3,33,0,0,0
0,1,6,48,0,0,0
0,0,0,0,0,0,0
1,256,7,56,2,2,257
1,256,7,56,2,2,257
0,0,0,0,0,0,0
0,64,3,33,0,0,0
2,64,7,56,2,2,257
0,20,4,45,0,0,0
0,0,4,42,0,0,0
0,0,0,0,0,0,0
0,52,1,3,0,0,0
0,52,6,46,0,0,0
1,256,7,56,2,2,257
0,32,6,51,0,0,0
0,32,6,46,0,0,0
0,20,1,3,0,0,0
0,20,6,46,0,0,0
0,64,3,33,0,0,0
0,32,3,33,0,0,0
0,1,6,48,0,0,0
0,1,6,48,0,0,0
0,0,0,0,0,0,0
1,256,7,56,2,2,257
1,256,7,56,2,2,257
0,0,0,0,0,0,0
0,32,1,3,0,0,0
0,20,6,51,0,0,0
0,20,3,36,0,0,0
0,20,1,9,0,0,0
0,10,3,36,0,0,0
0,10,1,3,0,0,0
0,20,3,33,0,0,0
0,20,1,9,0,0,0
0,20,1,3,0,0,0
0,64,3,33,0,0,0
0,20,4,45,0,0,0
2,64,7,56,2,2,257
0,20,4,45,0,0,0
0,20,1,3,0,0,0
0,64,3,33,0,0,0
0,20,4,45,0,0,0
0,64,4,41,0,0,0
0,64,3,32,0,0,0
0,64,4,41,0,0,0
0,64,3,32,0,0,0
0,64,4,41,0,0,0
0,64,3,32,0,0,0
0,64,1,7,0,0,0
0,64,1,10,0,0,0
0,64,1,7,0,0,0
0,64,3,32,0,0,0
0,0,4,42,0,0,0
0,0,0,0,0,0,0
0,65,1,3,0,0,0
0,65,6,46,0,0,0
1,256,7,56,2,2,257
0,32,6,51,0,0,0
0,32,6,46,0,0,0
0,20,1,3,0,0,0
0,20,6,46,0,0,0
0,32,3,33,0,0,0
0,1,6,48,0,0,0
0,1,6,48,0,0,0
0,0,0,0,0,0,0
1,256,7,56,2,2,257
1,256,7,56,2,2,257
0,0,0,0,0,0,0
0,32,1,3,0,0,0
0,20,6,51,0,0,0
0,20,3,36,0,0,0
0,20,1,9,0,0,0
0,20,1,3,0,0,0
0,64,3,33,0,0,0
2,64,7,56,2,2,257
0,20,4,45,0,0,0
0,20,4,45,0,0,0
0,64,4,41,0,0,0
0,64,3,32,0,0,0
0,64,4,41,0,0,0
0,64,3,32,0,0,0
0,20,1,3,0,0,0
0,20,1,3,0,0,0
0,64,3,33,0,0,0
0,20,4,45,0,0,0
0,64,4,41,0,0,0
0,64,3,32,0,0,0
0,64,1,7,0,0,0
0,64,1,10,0,0,0
0,64,1,7,0,0,0
0,64,3,32,0,0,0
0,0,4,42,0,0,0
0,0,0,0,0,0,0
0,64,1,3,0,0,0
0,64,6,46,0,0,0
1,256,7,56,2,2,257
0,32,6,51,0,0,0
0,32,6,46,0,0,0
0,32,1,3,0,0,0
0,32,6,46,0,0,0
0,20,3,36,0,0,0
0,32,1,3,0,0,0
0,20,3,36,0,0,0
0,1,6,48,0,0,0
0,0,0,0,0,0,0
0,1,6,48,0,0,0
0,32,6,51,0,0,0
0,20,6,51,0,0,0
0,20,1,9,0,0,0
0,20,1,3,0,0,0
0,20,6,51,0,0,0
0,20,1,9,0,0,0
0,20,3,36,0,0,0
0,20,1,3,0,0,0
0,64,3,33,0,0,0
0,20,4,45,0,0,0
0,20,1,3,0,0,0
0,64,3,33,0,0,0
0,20,4,45,0,0,0
0,20,4,45,0,0,0
0,20,4,45,0,0,0
0,64,4,41,0,0,0
0,64,3,32,0,0,0
0,20,3,36,0,0,0
0,20,1,3,0,0,0
0,64,3,33,0,0,0
0,20,4,45,0,0,0
0,64,4,41,0,0,0
0,64,3,32,0,0,0
0,64,4,41,0,0,0
0,64,3,32,0,0,0
0,64,1,7,0,0,0
0,64,4,41,0,0,0
0,64,3,32,0,0,0
0,64,1,4,0,0,0
0,64,4,41,0,0,0
0,64,3,32,0,0,0
0,64,1,7,0,0,0
0,64,1,10,0,0,0
0,64,1,7,0,0,0
0,64,3,32,0,0,0
0,0,4,42,0,0,0
0,0,0,0,0,0,0
0,0,0,0,0,0,0
0,0,0,1,0,0,0
2,32,7,56,2,2,257
0,32,4,43,0,0,0
2,32,7,56,2,2,257
0,32,4,43,0,0,0
2,32,7,56,2,2,257
0,32,4,43,0,0,0
2,32,7,56,2,2,257
0,32,4,43,0,0,0
2,32,7,56,2,2,257
0,32,4,43,0,0,0
0,1,6,48,0,0,0
0,64,3,33,0,0,0
0,64,3,33,0,0,0
0,64,1,9,0,0,0
1,256,7,56,2,2,257
0,0,0,0,0,0,0
0,64,6,46,0,0,0
1,256,7,56,2,2,257
0,64,1,3,0,0,0
1,256,7,56,2,2,257
0,32,6,46,0,0,0
0,32,6,51,0,0,0
0,21,6,46,0,0,0
0,21,1,3,0,0,0
0,32,3,33,0,0,0
0,1,6,48,0,0,0
0,1,6,48,0,0,0
0,0,0,0,0,0,0
1,256,7,56,2,2,257
1,256,7,56,2,2,257
0,31,1,3,0,0,0
0,31,6,46,0,0,0
1,256,7,56,2,2,257
1,256,7,56,2,2,257
0,64,1,4,1,1,0
0,64,6,46,0,0,0
0,32,3,33,0,0,0
0,1,6,48,0,0,0
0,0,0,0,0,0,0
1,256,7,56,2,2,257
0,20,3,36,0,0,0
0,20,3,31,0,0,0
0,20,1,3,0,0,0
0,64,3,33,0,0,0
2,64,7,56,2,2,257
0,20,4,45,0,0,0
0,10,3,36,0,0,0
0,20,3,31,0,0,0
0,20,1,3,0,0,0
0,20,3,36,0,0,0
0,64,3,33,0,0,0
2,64,7,56,2,2,257
0,20,4,45,0,0,0
0,64,4,41,0,0,0
0,64,3,32,0,0,0
0,64,4,41,0,0,0
0,64,3,32,0,0,0
0,64,1,10,0,0,0
1,256,7,56,2,2,257
0,0,0,0,0,0,0
0,64,3,32,0,0,0
0,0,4,42,0,0,0
0,20,4,45,0,0,0
0,0,0,0,0,0,0
0,21,6,51,0,0,0
0,0,0,0,0,0,0
0,32,1,3,0,0,0
0,10,3,36,0,0,0
0,20,1,3,0,0,0
0,64,3,33,0,0,0
2,64,7,56,2,2,257
0,0,4,42,0,0,0
0,0,0,0,0,0,0
0,0,0,0,0,0,0
0,1,6,48,0,0,0
0,1,6,48,0,0,0
0,64,3,33,0,0,0
0,64,1,9,0,0,0
1,256,7,56,2,2,257
0,0,0,0,0,0,0
0,64,1,9,0,0,0
1,256,7,56,2,2,257
0,0,0,0,0,0,0
0,64,6,46,0,0,0
0,64,1,3,0,0,0
1,256,7,56,2,2,257
0,32,6,46,0,0,0
0,32,6,51,0,0,0
0,21,6,46,0,0,0
0,21,1,3,0,0,0
0,32,3,33,0,0,0
0,1,6,48,0,0,0
0,1,6,48,0,0,0
0,0,0,0,0,0,0
1,256,7,56,2,2,257
1,256,7,56,2,2,257
0,31,1,3,0,0,0
0,31,6,46,0,0,0
1,256,7,56,2,2,257
1,256,7,56,2,2,257
0,64,1,4,1,1,0
0,64,6,46,0,0,0
0,32,3,33,0,0,0
0,1,6,48,0,0,0
0,0,0,0,0,0,0
1,256,7,56,2,2,257
0,20,3,36,0,0,0
0,20,3,31,0,0,0
0,20,1,3,0,0,0
0,64,3,33,0,0,0
2,64,7,56,2,2,257
0,20,4,45,0,0,0
0,10,3,36,0,0,0
0,20,3,31,0,0,0
0,20,1,3,0,0,0
0,20,3,36,0,0,0
0,64,3,33,0,0,0
2,64,7,56,2,2,257
0,20,4,45,0,0,0
0,64,4,41,0,0,0
0,64,3,32,0,0,0
0,64,4,41,0,0,0
0,64,3,32,0,0,0
0,64,1,10,0,0,0
1,256,7,56,2,2,257
0,0,0,0,0,0,0
0,64,3,32,0,0,0
0,0,4,42,0,0,0
0,20,4,45,0,0,0
0,0,0,0,0,0,0
0,21,6,51,0,0,0
0,0,0,0,0,0,0
0,32,1,3,0,0,0
0,10,3,36,0,0,0
0,20,1,3,0,0,0
0,64,3,33,0,0,0
2,64,7,56,2,2,257
0,0,4,42,0,0,0
0,0,0,0,0,0,0
0,0,0,0,0,0,0
0,64,6,46,0,0,0
0,64,1,3,0,0,0
1,256,7,56,2,2,257
0,32,6,46,0,0,0
0,32,6,51,0,0,0
0,21,6,46,0,0,0
0,21,1,3,0,0,0
0,32,3,33,0,0,0
0,1,6,48,0,0,0
0,1,6,48,0,0,0
0,0,0,0,0,0,0
1,256,7,56,2,2,257
1,256,7,56,2,2,257
0,31,1,3,0,0,0
0,31,6,46,0,0,0
1,256,7,56,2,2,257
1,256,7,56,2,2,257
0,64,1,4,1,1,0
0,64,6,46,0,0,0
0,32,3,33,0,0,0
0,1,6,48,0,0,0
0,0,0,0,0,0,0
1,256,7,56,2,2,257
0,20,3,36,0,0,0
0,20,3,31,0,0,0
0,20,1,3,0,0,0
0,64,3,33,0,0,0
0,20,4,45,0,0,0
0,10,3,36,0,0,0
0,20,3,31,0,0,0
0,20,1,3,0,0,0
0,20,3,36,0,0,0
0,64,3,33,0,0,0
0,20,4,45,0,0,0
0,64,4,41,0,0,0
0,64,3,32,0,0,0
0,64,4,41,0,0,0
0,64,3,32,0,0,0
0,64,1,10,0,0,0
1,256,7,56,2,2,257
0,0,0,0,0,0,0
0,64,3,32,0,0,0
0,0,4,42,0,0,0
0,20,4,45,0,0,0
0,0,0,0,0,0,0
0,21,6,51,0,0,0
0,0,0,0,0,0,0
0,32,1,3,0,0,0
0,10,3,36,0,0,0
0,20,1,3,0,0,0
0,64,3,33,0,0,0
2,64,7,56,2,2,257
0,0,4,42,0,0,0
0,0,0,0,0,0,0
0,0,0,0,0,0,0
0,0,0,1,0,0,0
2,64,7,56,2,2,257
0,64,4,43,0,0,0
2,64,7,56,2,2,257
0,64,4,43,0,0,0
2,32,7,56,2,2,257
0,32,4,43,0,0,0
1,256,7,56,2,2,257
0,0,0,0,0,0,0
0,12,1,3,0,0,0
0,12,6,46,0,0,0
1,256,7,56,2,2,257
1,256,7,56,2,2,257
0,44,1,3,0,0,0
0,44,6,46,0,0,0
0,24,3,36,0,0,0
0,32,3,33,0,0,0
0,1,6,48,0,0,0
0,0,0,0,0,0,0
1,256,7,56,2,2,257
1,256,7,56,2,2,257
0,64,3,33,0,0,0
2,64,7,56,2,2,257
0,12,4,45,0,0,0
2,64,7,56,2,2,257
0,12,4,45,0,0,0
1,256,7,56,2,2,257
0,0,0,0,0,0,0
0,32,1,3,0,0,0
0,32,6,46,0,0,0
1,256,7,56,2,2,257
0,64,6,55,0,0,0
0,64,6,46,0,0,0
0,64,6,55,0,0,0
0,64,6,46,0,0,0
0,1,6,48,0,0,0
0,0,0,0,0,0,0
0,64,3,33,0,0,0
0,24,3,36,0,0,0
0,24,1,3,0,0,0
0,64,3,33,0,0,0
2,64,7,56,2,2,257
0,24,4,45,0,0,0
2,64,7,56,2,2,257
0,24,4,45,0,0,0
0,64,4,41,0,0,0
0,64,3,32,0,0,0
2,64,7,56,2,2,257
0,12,4,45,0,0,0
0,64,4,41,0,0,0
0,64,3,32,0,0,0
0,64,1,10,0,0,0
0,1,6,48,0,0,0
0,64,4,41,0,0,0
0,64,3,32,0,0,0
0,64,1,10,0,0,0
0,1,6,48,0,0,0
0,0,0,0,0,0,0
0,64,3,32,0,0,0
0,0,4,42,0,0,0
0,64,1,10,0,0,0
0,64,1,10,0,0,0
0,64,1,4,0,0,0
0,64,3,32,0,0,0
0,0,4,42,0,0,0
0,0,0,0,0,0,0
0,0,0,1,0,0,0
2,32,7,56,2,2,257
0,32,4,43,0,0,0
0,1,6,48,0,0,0
0,0,0,0,0,0,0
1,256,7,56,2,2,257
1,256,7,56,2,2,257
0,31,3,36,0,0,0
1,256,7,56,2,2,257
0,0,0,0,0,0,0
0,12,1,3,0,0,0
0,12,6,46,0,0,0
1,256,7,56,2,2,257
0,43,1,3,0,0,0
0,43,6,46,0,0,0
0,24,3,36,0,0,0
0,31,3,33,0,0,0
0,1,6,48,0,0,0
0,0,0,0,0,0,0
1,256,7,56,2,2,257
1,256,7,56,2,2,257
1,256,7,56,2,2,257
0,0,0,0,0,0,0
0,64,3,33,0,0,0
2,64,7,56,2,2,257
0,12,4,45,0,0,0
0,64,4,41,0,0,0
0,64,3,32,0,0,0
1,256,7,56,2,2,257
0,0,0,0,0,0,0
0,31,1,3,0,0,0
0,31,6,46,0,0,0
1,256,7,56,2,2,257
0,64,1,4,1,1,0
0,64,6,46,0,0,0
0,1,6,48,0,0,0
0,0,0,0,0,0,0
0,64,3,33,0,0,0
0,24,3,36,0,0,0
0,24,1,3,0,0,0
0,64,3,33,0,0,0
2,64,7,56,2,2,257
0,24,4,45,0,0,0
0,64,4,41,0,0,0
0,64,3,32,0,0,0
2,64,7,56,2,2,257
0,12,4,45,0,0,0
0,64,4,41,0,0,0
0,64,3,32,0,0,0
0,64,1,10,0,0,0
0,0,0,0,0,0,0
0,64,3,32,0,0,0
0,0,4,42,0,0,0
0,0,0,0,0,0,0
0,12,1,3,0,0,0
0,12,6,46,0,0,0
1,256,7,56,2,2,257
0,31,3,33,0,0,0
0,1,6,48,0,0,0
0,0,0,0,0,0,0
1,256,7,56,2,2,257
1,256,7,56,2,2,257
0,64,3,33,0,0,0
0,24,3,33,0,0,0
2,64,7,56,2,2,257
0,12,4,45,0,0,0
0,64,4,41,0,0,0
0,64,3,32,0,0,0
1,256,7,56,2,2,257
0,0,0,0,0,0,0
0,12,1,3,0,0,0
0,12,6,46,0,0,0
1,256,7,56,2,2,257
0,64,1,4,1,1,0
0,64,6,46,0,0,0
0,24,1,3,0,0,0
0,24,6,46,0,0,0
0,31,3,33,0,0,0
0,1,6,48,0,0,0
0,0,0,0,0,0,0
0,64,3,33,0,0,0
0,24,1,3,0,0,0
0,64,3,33,0,0,0
0,24,4,45,0,0,0
0,64,4,41,0,0,0
0,64,3,32,0,0,0
2,64,7,56,2,2,257
0,12,4,45,0,0,0
0,64,4,41,0,0,0
0,64,3,32,0,0,0
0,64,1,10,0,0,0
0,0,0,0,0,0,0
0,64,3,32,0,0,0
0,0,4,42,0,0,0
0,0,0,0,0,0,0
0,0,0,0,0,0,0
1,256,7,56,2,2,257
0,0,0,1,0,0,0
0,64,4,40,0,0,0
0,64,4,40,0,0,0
2,32,7,56,2,2,257
0,32,4,43,0,0,0
0,31,6,53,0,0,0
0,1,6,48,0,0,0
0,0,0,0,0,0,0
1,256,7,56,2,2,257
1,256,7,56,2,2,257
0,31,3,36,0,0,0
1,256,7,56,2,2,257
0,0,0,0,0,0,0
0,31,1,3,0,0,0
0,31,6,46,0,0,0
1,256,7,56,2,2,257
0,31,1,3,0,0,0
0,31,6,46,0,0,0
0,20,3,36,0,0,0
0,20,6,46,0,0,0
0,1,6,48,0,0,0
0,0,0,0,0,0,0
1,256,7,56,2,2,257
1,256,7,56,2,2,257
0,64,3,33,0,0,0
0,32,3,33,0,0,0
0,32,1,6,0,0,0
0,20,2,21,0,0,0
0,20,1,3,0,0,0
0,64,3,33,0,0,0
2,64,7,56,2,2,257
0,20,4,45,0,0,0
1,256,7,56,2,2,257
0,0,0,0,0,0,0
0,31,1,3,0,0,0
0,31,6,46,0,0,0
1,256,7,56,2,2,257
0,1,6,48,0,0,0
0,0,0,0,0,0,0
1,256,7,56,2,2,257
0,64,3,34,0,0,0
0,95,3,33,0,0,0
0,95,3,33,0,0,0
0,95,1,9,0,0,0
0,0,4,42,0,0,0
0,0,4,42,0,0,0
1,256,7,56,2,2,257
0,0,0,0,0,0,0
0,20,3,36,0,0,0
0,20,1,3,0,0,0
0,64,3,33,0,0,0
0,20,4,45,0,0,0
0,64,4,41,0,0,0
0,64,3,32,0,0,0
0,64,4,41,0,0,0
0,64,3,32,0,0,0
0,64,1,13,0,0,0
0,64,3,32,0,0,0
0,0,4,42,0,0,0
0,0,0,0,0,0,0
0,95,6,46,0,0,0
0,95,1,3,0,0,0
1,256,7,56,2,2,257
0,64,6,46,0,0,0
0,64,6,51,0,0,0
0,31,6,46,0,0,0
0,31,1,3,0,0,0
0,1,6,48,0,0,0
0,0,0,0,0,0,0
0,64,1,3,0,0,0
0,1,6,48,0,0,0
0,31,6,51,0,0,0
0,10,3,36,0,0,0
0,20,3,31,0,0,0
0,20,1,3,0,0,0
0,64,3,33,0,0,0
0,20,4,45,0,0,0
0,20,3,36,0,0,0
0,20,1,3,0,0,0
0,64,3,33,0,0,0
0,20,4,45,0,0,0
0,20,1,3,0,0,0
0,64,3,33,0,0,0
0,20,4,45,0,0,0
0,64,4,41,0,0,0
0,64,4,41,0,0,0
0,64,4,41,0,0,0
0,1,6,48,0,0,0
0,64,6,51,0,0,0
0,64,3,32,0,0,0
0,64,4,41,0,0,0
0,64,3,32,0,0,0
0,64,4,41,0,0,0
0,64,4,41,0,0,0
0,64,4,41,1,1,0
0,1,6,48,0,0,0
0,64,6,51,0,0,0
0,64,3,32,0,0,0
0,64,1,10,0,1,0
0,64,1,7,0,1,0
0,64,3,32,0,0,0
0,0,4,42,0,1,0
0,0,4,42,0,0,0
0,0,4,42,0,0,0
0,0,0,0,0,0,0
0,0,0,0,0,0,0
0,0,0,0,0,0,0
1,256,7,56,2,2,257
0,0,0,1,0,0,0
2,64,7,56,2,2,257
0,64,4,43,0,0,0
2,64,7,56,2,2,257
0,64,4,43,0,0,0
2,32,7,56,2,2,257
0,32,4,43,0,0,0
2,32,7,56,2,2,257
0,32,4,43,0,0,0
0,1,6,48,0,0,0
0,0,0,0,0,0,0
1,256,7,56,2,2,257
1,256,7,56,2,2,257
0,31,3,36,0,0,0
0,62,3,33,0,0,0
0,62,1,9,0,0,0
1,256,7,56,2,2,257
0,0,0,0,0,0,0
0,62,6,46,0,0,0
0,62,1,3,0,0,0
1,256,7,56,2,2,257
0,31,6,46,0,0,0
0,31,6,51,0,0,0
0,21,6,46,0,0,0
0,21,1,3,0,0,0
0,31,3,33,0,0,0
0,1,6,48,0,0,0
0,1,6,48,0,0,0
0,0,0,0,0,0,0
1,256,7,56,2,2,257
0,31,1,3,0,0,0
0,21,6,51,0,0,0
0,10,3,36,0,0,0
0,20,3,31,0,0,0
0,20,3,36,0,0,0
0,20,1,3,0,0,0
0,64,3,33,0,0,0
2,64,7,56,2,2,257
0,20,4,45,0,0,0
0,64,4,41,0,0,0
0,64,3,32,0,0,0
0,64,1,10,0,0,0
0,64,3,32,0,0,0
0,0,4,42,0,0,0
0,0,0,0,0,0,0
0,1,6,48,0,0,0
1,256,7,56,2,2,257
0,0,0,0,0,0,0
0,62,6,46,0,0,0
0,62,1,3,0,0,0
1,256,7,56,2,2,257
0,31,6,46,0,0,0
0,31,6,51,0,0,0
0,31,6,46,0,0,0
0,31,1,3,0,0,0
0,1,6,48,0,0,0
0,0,0,0,0,0,0
1,256,7,56,2,2,257
1,256,7,56,2,2,257
0,20,4,45,0,0,0
0,64,4,41,0,0,0
0,64,3,32,0,0,0
1,256,7,56,2,2,257
0,0,0,0,0,0,0
0,31,1,3,0,0,0
0,31,6,46,0,0,0
1,256,7,56,2,2,257
1,256,7,56,2,2,257
0,64,1,4,0,1,0
0,64,6,46,0,0,0
0,32,3,33,0,0,0
0,1,6,48,0,0,0
0,0,0,0,0,0,0
1,256,7,56,2,2,257
0,20,3,36,0,0,0
0,20,3,31,0,0,0
0,20,1,3,0,0,0
0,64,3,33,0,0,0
2,64,7,56,2,2,257
0,20,4,45,0,0,0
0,20,3,31,0,0,0
0,20,1,3,0,0,0
0,64,3,33,0,0,0
0,20,4,45,0,0,0
2,64,7,56,2,2,257
0,20,4,45,0,0,0
0,20,4,45,0,0,0
0,64,4,41,0,0,0
0,64,3,32,0,0,0
0,64,1,10,0,0,0
0,64,4,41,0,0,0
0,64,3,32,0,0,0
0,64,1,10,0,0,0
0,64,1,4,1,1,0
0,64,4,41,0,0,0
0,64,3,32,0,0,0
0,64,1,10,0,0,0
0,64,4,41,0,0,0
0,64,3,32,0,0,0
0,64,1,10,0,0,0
0,0,0,0,0,0,0
0,64,3,32,0,0,0
0,0,4,42,0,0,0
0,0,0,0,0,0,0
0,31,6,51,0,0,0
0,0,0,0,0,0,0
0,31,1,3,0,0,0
0,1,6,48,0,0,0
0,10,3,36,0,0,0
0,20,3,36,0,0,0
0,20,1,3,0,0,0
0,64,3,33,0,0,0
0,10,3,36,0,0,0
0,0,0,0,0,0,0
0,0,0,0,0,0,0
1,256,7,56,2,2,257
0,0,0,1,0,0,0
0,64,4,40,0,0,0
0,64,4,40,0,0,0
0,64,4,40,0,0,0
0,64,4,40,0,0,0
0,64,4,40,0,0,0
0,64,4,40,0,0,0
0,64,4,40,0,0,0
0,64,4,40,0,0,0
2,32,7,56,2,2,257
0,32,4,43,0,0,0
2,32,7,56,2,2,257
0,32,4,43,0,0,0
0,20,3,36,0,0,0
0,20,1,3,0,0,0
0,20,2,21,0,0,0
0,10,3,36,0,0,0
0,32,1,3,0,0,0
0,20,1,3,0,0,0
0,10,1,3,0,0,0
0,20,1,3,0,0,0
0,10,1,3,0,0,0
0,1,6,48,0,0,0
0,64,3,33,0,0,0
0,64,3,33,0,0,0
0,64,1,9,0,0,0
0,31,6,53,0,0,0
0,1,6,48,0,0,0
0,32,1,3,0,0,0
0,32,6,51,0,0,0
0,64,3,33,0,0,0
0,64,1,9,0,0,0
1,256,7,56,2,2,257
0,0,0,0,0,0,0
0,31,6,46,0,0,0
1,256,7,56,2,2,257
0,31,1,3,0,0,0
1,256,7,56,2,2,257
0,32,3,33,0,0,0
0,1,6,48,0,0,0
0,0,0,0,0,0,0
1,256,7,56,2,2,257
1,256,7,56,2,2,257
0,0,0,0,0,0,0
1,256,7,56,2,2,257
1,256,7,56,2,2,257
1,256,7,56,2,2,257
0,0,0,0,0,0,0
0,31,1,3,0,0,0
0,31,6,46,0,0,0
1,256,7,56,2,2,257
0,32,3,33,0,0,0
0,1,6,48,0,0,0
0,0,0,0,0,0,0
1,256,7,56,2,2,257
1,256,7,56,2,2,257
1,256,7,56,2,2,257
0,0,0,0,0,0,0
0,10,3,36,0,0,0
0,41,3,31,0,0,0
0,64,3,33,0,0,0
0,20,3,31,0,0,0
2,64,7,56,2,2,257
0,20,4,45,0,0,0
2,64,7,56,2,2,257
0,20,4,45,0,0,0
0,64,4,41,0,0,0
0,64,3,32,0,0,0
0,64,4,41,0,0,0
0,64,3,32,0,0,0
1,256,7,56,2,2,257
0,0,0,0,0,0,0
0,64,6,46,0,0,0
0,64,1,7,0,1,0
1,256,7,56,2,2,257
0,64,6,46,0,0,0
0,64,1,7,0,0,0
0,31,6,46,0,0,0
0,31,1,3,0,0,0
0,32,3,33,0,0,0
0,1,6,48,0,0,0
0,0,0,0,0,0,0
0,20,3,36,0,0,0
0,20,1,3,0,0,0
0,64,3,33,0,0,0
0,20,4,45,0,0,0
2,64,7,56,2,2,257
0,20,4,45,0,0,0
0,20,4,45,0,0,0
0,64,4,41,0,0,0
0,64,3,32,0,0,0
0,64,4,41,0,0,0
0,64,3,32,0,0,0
0,64,1,10,1,1,0
0,64,1,13,0,1,0
0,64,3,32,0,0,0
0,0,4,42,0,0,0
0,64,4,41,0,0,0
0,64,3,32,0,0,0
0,64,1,10,0,0,0
0,64,1,13,0,0,0
0,64,3,32,0,0,0
0,0,4,42,0,0,0
0,0,0,0,0,0,0
0,0,0,0,0,0,0
0,21,1,3,0,0,0
0,21,6,46,0,0,0
1,256,7,56,2,2,257
0,32,3,33,0,0,0
0,1,6,48,0,0,0
0,0,0,0,0,0,0
1,256,7,56,2,2,257
0,0,4,42,0,0,0
0,0,4,42,0,0,0
1,256,7,56,2,2,257
0,0,0,0,0,0,0
0,10,3,36,0,0,0
0,20,3,31,0,0,0
0,20,1,3,0,0,0
0,64,3,33,0,0,0
0,20,4,45,0,0,0
0,20,4,45,0,0,0
0,64,4,41,0,0,0
0,64,3,32,0,0,0
0,64,4,41,0,0,0
0,64,3,32,0,0,0
0,64,1,13,0,0,0
0,64,3,32,0,0,0
0,0,4,42,0,0,0
0,0,0,0,0,0,0
0,53,1,3,0,0,0
0,53,6,46,0,0,0
1,256,7,56,2,2,257
0,21,6,51,0,0,0
0,21,6,46,0,0,0
0,32,1,3,0,0,0
0,32,6,46,0,0,0
0,64,3,33,0,0,0
0,1,6,48,0,0,0
0,0,0,0,0,0,0
1,256,7,56,2,2,257
0,21,1,3,0,0,0
0,1,6,48,0,0,0
0,32,6,51,0,0,0
0,10,3,36,0,0,0
0,20,3,31,0,0,0
0,20,3,36,0,0,0
0,20,1,6,0,0,0
0,20,1,3,0,0,0
0,64,3,33,0,0,0
0,20,4,45,0,0,0
0,64,4,41,1,1,0
0,64,4,41,0,0,0
0,64,4,41,0,0,0
0,1,6,48,0,0,0
0,64,6,51,0,1,0
0,64,3,32,0,0,0
0,20,1,3,0,0,0
0,20,1,3,0,0,0
0,64,3,33,0,0,0
0,20,4,45,0,0,0
0,64,4,41,0,0,0
0,64,4,41,0,0,0
0,64,4,41,0,0,0
0,1,6,48,0,0,0
0,64,6,51,0,0,0
0,64,3,32,0,0,0
0,20,1,6,0,0,0
0,20,1,3,0,0,0
0,20,1,3,0,0,0
0,64,3,33,0,0,0
0,20,4,45,0,0,0
0,64,4,41,0,0,0
0,64,3,32,0,0,0
0,64,1,10,0,0,0
0,64,1,7,0,1,0
0,20,1,6,0,0,0
0,20,1,3,0,0,0
0,64,3,33,0,0,0
0,20,4,45,0,0,0
0,64,4,41,0,0,0
0,64,3,32,0,0,0
0,64,1,13,0,1,0
0,20,1,3,0,0,0
0,20,1,3,0,0,0
0,64,3,33,0,0,0
0,20,4,45,0,0,0
0,64,3,32,0,1,0
0,0,4,42,0,0,0
0,0,4,42,0,1,0
0,0,4,42,0,0,0
0,0,0,0,0,0,0
0,0,0,0,0,0,0
0,0,4,42,0,0,0
0,0,4,42,0,0,0
0,0,4,42,0,0,0
0,0,4,42,0,0,0
1,256,7,56,2,2,257
0,0,0,0,0,0,0
0,64,6,46,0,0,0
0,64,1,3,0,0,0
1,256,7,56,2,2,257
0,32,6,46,0,0,0
0,32,6,51,0,0,0
0,21,6,46,0,0,0
0,21,1,3,0,0,0
0,32,3,33,0,0,0
0,1,6,48,0,0,0
0,1,6,48,0,0,0
0,0,0,0,0,0,0
1,256,7,56,2,2,257
1,256,7,56,2,2,257
0,0,0,0,0,0,0
0,32,1,3,0,0,0
0,21,6,51,0,0,0
0,10,3,36,0,0,0
0,20,3,31,0,0,0
0,10,1,3,0,0,0
0,20,3,31,0,0,0
0,20,3,36,0,0,0
0,20,1,3,0,0,0
0,64,3,33,0,0,0
0,20,4,45,0,0,0
0,20,1,3,0,0,0
0,64,3,33,0,0,0
0,20,4,45,0,0,0
0,20,4,45,0,0,0
0,20,4,45,0,0,0
0,20,4,45,0,0,0
0,64,4,41,0,0,0
0,64,3,32,0,0,0
0,64,4,41,1,1,0
0,64,4,41,0,0,0
0,64,4,41,0,0,0
0,1,6,48,0,0,0
0,64,6,51,0,1,0
0,64,3,32,0,0,0
0,64,4,41,0,0,0
0,64,3,32,0,0,0
0,64,1,10,0,1,0
0,64,4,41,0,0,0
0,64,4,41,0,0,0
0,64,4,41,0,0,0
0,1,6,48,0,0,0
0,64,6,51,0,0,0
0,64,3,32,0,0,0
0,64,1,13,0,1,0
0,64,1,7,0,1,0
0,64,3,32,0,0,0
0,0,4,42,0,0,0
0,0,4,42,0,1,0
0,0,4,42,0,0,0
0,64,4,41,0,0,0
0,64,3,32,0,0,0
0,64,1,10,0,0,0
0,64,1,13,0,0,0
0,64,1,7,0,0,0
0,64,3,32,0,0,0
0,0,4,42,0,0,0
0,0,4,42,0,0,0
0,0,4,42,0,0,0
0,0,0,0,0,0,0
0,21,1,3,0,0,0
0,21,6,46,0,0,0
1,256,7,56,2,2,257
0,32,3,33,0,0,0
0,1,6,48,0,0,0
0,0,0,0,0,0,0
1,256,7,56,2,2,257
0,0,4,42,0,0,0
0,0,4,42,0,0,0
1,256,7,56,2,2,257
0,0,0,0,0,0,0
0,20,3,36,0,0,0
0,20,1,3,0,0,0
0,64,3,33,0,0,0
0,20,4,45,0,0,0
0,20,4,45,0,0,0
0,64,4,41,0,0,0
0,64,3,32,0,0,0
0,64,4,41,0,0,0
0,64,3,32,0,0,0
0,64,1,13,0,0,0
0,64,3,32,0,0,0
0,0,4,42,0,0,0
0,0,0,0,0,0,0
0,53,1,3,0,0,0
0,53,6,46,0,0,0
1,256,7,56,2,2,257
0,32,6,51,0,0,0
0,32,6,46,0,0,0
0,21,1,3,0,0,0
0,21,6,46,0,0,0
0,64,3,33,0,0,0
0,32,3,33,0,0,0
0,1,6,48,0,0,0
0,1,6,48,0,0,0
0,0,0,0,0,0,0
0,32,1,3,0,0,0
0,21,6,51,0,0,0
0,10,3,36,0,0,0
0,10,1,6,0,0,0
0,20,3,31,0,0,0
0,10,1,6,0,0,0
0,20,3,31,0,0,0
0,20,3,36,0,0,0
0,20,1,3,0,0,0
0,64,3,33,0,0,0
0,20,4,45,0,0,0
0,20,1,3,0,0,0
0,64,3,33,0,0,0
0,20,4,45,0,0,0
0,20,4,45,0,0,0
0,20,4,45,0,0,0
0,64,4,41,1,1,0
0,64,4,41,0,0,0
0,64,4,41,0,0,0
0,1,6,48,0,0,0
0,64,6,51,0,1,0
0,64,3,32,0,0,0
0,64,4,41,0,0,0
0,64,4,41,0,0,0
0,64,4,41,0,0,0
0,1,6,48,0,0,0
0,64,6,51,0,0,0
0,64,3,32,0,0,0
0,64,4,41,0,0,0
0,64,3,32,0,0,0
0,64,1,10,0,0,0
0,64,1,7,0,1,0
0,64,4,41,0,0,0
0,64,3,32,0,0,0
0,64,1,13,0,1,0
0,64,3,32,0,1,0
0,0,4,42,0,0,0
0,0,4,42,0,1,0
0,0,4,42,0,0,0
0,0,0,0,0,0,0
0,0,0,0,0,0,0
0,0,0,1,0,0,0
